timestamp,temperature_c,battery_voltage_v,battery_current_a,solar_panel_voltage_v,solar_panel_current_a,cpu_temperature_c,memory_usage_pct,signal_strength_dbm,anomaly
2026-01-01 00:00:00,24.213,27.894,2.746,32.339,4.205,38.18,53.524,-68.574,0
2026-01-01 00:10:00,23.316,27.966,2.93,32.925,4.339,38.003,53.393,-66.559,0
2026-01-01 00:20:00,24.614,28.044,2.859,31.671,4.257,38.782,53.093,-68.371,0
2026-01-01 00:30:00,24.792,28.007,2.755,32.746,4.485,38.622,52.32,-67.092,0
2026-01-01 00:40:00,22.812,27.968,2.747,32.338,4.227,35.793,51.306,-67.585,0
2026-01-01 00:50:00,23.31,27.971,2.666,32.673,4.084,38.663,50.845,-66.858,0
2026-01-01 01:00:00,24.355,27.973,2.912,31.891,4.774,37.469,54.696,-67.569,0
2026-01-01 01:10:00,24.088,27.965,2.847,33.058,4.287,37.18,53.814,-69.647,0
2026-01-01 01:20:00,24.342,28.222,2.617,32.895,4.323,38.212,51.251,-66.391,0
2026-01-01 01:30:00,23.8,28.069,2.85,32.681,4.453,38.736,52.633,-67.657,0
2026-01-01 01:40:00,25.056,28.121,2.819,32.995,4.508,37.139,52.083,-66.555,0
2026-01-01 01:50:00,25.028,28.016,3.128,32.574,4.445,39.06,50.655,-66.625,0
2026-01-01 02:00:00,24.573,28.045,2.747,32.711,4.547,39.152,53.067,-68.332,0
2026-01-01 02:10:00,25.359,28.008,2.79,32.823,4.57,38.623,52.061,-68.453,0
2026-01-01 02:20:00,24.939,27.857,3.108,32.406,4.64,37.935,51.156,-66.52,0
2026-01-01 02:30:00,24.053,27.964,3.15,33.425,4.16,37.89,50.27,-67.622,0
2026-01-01 02:40:00,24.954,27.934,2.909,33.607,5.034,39.538,50.179,-66.086,0
2026-01-01 02:50:00,24.066,27.904,2.934,33.01,4.654,37.552,52.386,-67.375,0
2026-01-01 03:00:00,25.394,27.993,3.095,33.441,4.824,39.655,52.962,-65.885,0
2026-01-01 03:10:00,24.785,28.2,2.753,33.288,4.457,38.714,51.601,-66.558,0
2026-01-01 03:20:00,24.731,28.095,2.82,33.556,4.662,38.813,54.408,-66.673,0
2026-01-01 03:30:00,24.423,28.207,3.02,33.28,4.645,37.565,53.179,-67.42,0
2026-01-01 03:40:00,25.795,28.141,3.251,33.247,5.096,38.856,54.396,-66.646,0
2026-01-01 03:50:00,24.87,28.176,3.023,33.979,4.707,39.506,53.089,-65.447,0
2026-01-01 04:00:00,24.717,28.046,3.097,33.641,4.997,37.987,52.061,-66.897,0
2026-01-01 04:10:00,24.808,28.164,3.231,34.421,4.736,39.497,53.743,-66.148,0
2026-01-01 04:20:00,25.465,28.185,3.357,33.778,4.795,39.21,51.324,-66.685,0
2026-01-01 04:30:00,25.385,28.086,3.045,33.483,4.856,38.664,54.627,-66.546,0
2026-01-01 04:40:00,25.455,28.181,3.121,34.281,5.18,39.902,52.028,-64.582,0
2026-01-01 04:50:00,25.503,28.186,3.35,34.113,4.563,37.496,55.426,-65.164,0
2026-01-01 05:00:00,26.736,28.101,2.958,34.186,4.694,39.574,53.222,-66.466,0
2026-01-01 05:10:00,24.987,28.06,3.272,34.384,4.584,40.631,55.802,-66.261,0
2026-01-01 05:20:00,24.947,28.06,3.034,33.773,4.771,40.526,51.926,-67.317,0
2026-01-01 05:30:00,24.769,28.166,3.176,33.988,4.84,39.723,52.785,-66.64,0
2026-01-01 05:40:00,25.803,28.19,3.142,34.002,4.692,39.208,54.747,-66.018,0
2026-01-01 05:50:00,26.194,28.104,3.064,33.636,4.881,38.977,56.225,-65.327,0
2026-01-01 06:00:00,25.355,28.174,3.067,34.019,4.636,39.28,57.175,-65.407,0
2026-01-01 06:10:00,24.877,28.222,3.225,34.6,4.846,39.993,54.305,-67.596,0
2026-01-01 06:20:00,24.918,28.23,3.318,34.233,5.299,38.947,57.595,-65.052,0
2026-01-01 06:30:00,25.98,28.309,3.188,33.694,5.148,40.234,53.821,-66.291,0
2026-01-01 06:40:00,26.073,28.291,3.218,33.633,5.112,41.369,56.375,-67.329,0
2026-01-01 06:50:00,25.961,28.113,3.283,34.77,4.881,39.646,52.756,-64.502,0
2026-01-01 07:00:00,25.141,28.332,3.103,34.163,4.78,38.653,55.262,-64.311,0
2026-01-01 07:10:00,25.796,28.159,3.313,33.972,4.864,38.686,50.345,-65.713,0
2026-01-01 07:20:00,25.74,28.289,3.326,34.104,5.086,40.415,52.595,-65.141,0
2026-01-01 07:30:00,25.836,28.215,3.544,33.681,5.271,39.777,55.507,-65.034,0
2026-01-01 07:40:00,26.317,28.181,3.19,34.692,5.28,40.557,52.357,-64.244,0
2026-01-01 07:50:00,25.886,28.073,3.183,34.05,5.226,39.459,55.54,-65.009,0
2026-01-01 08:00:00,26.226,28.208,3.333,34.656,4.952,40.58,56.455,-67.441,0
2026-01-01 08:10:00,25.82,28.101,3.342,34.183,5.103,39.817,53.972,-63.402,0
2026-01-01 08:20:00,25.995,28.307,3.181,34.65,5.032,39.386,53.181,-64.501,0
2026-01-01 08:30:00,26.254,28.354,3.199,34.221,5.052,39.679,54.122,-66.358,0
2026-01-01 08:40:00,24.81,28.173,3.313,34.409,5.496,39.069,53.287,-66.949,0
2026-01-01 08:50:00,25.624,28.265,3.15,34.339,4.73,41.645,54.893,-65.076,0
2026-01-01 09:00:00,25.535,28.186,3.201,34.279,5.03,40.002,55.308,-65.984,0
2026-01-01 09:10:00,25.433,28.197,3.261,34.154,5.312,40.619,54.622,-65.223,0
2026-01-01 09:20:00,25.702,28.313,3.369,33.919,4.768,39.698,58.235,-64.697,0
2026-01-01 09:30:00,26.955,28.251,3.177,34.637,4.923,39.31,53.974,-66.239,0
2026-01-01 09:40:00,25.315,28.397,3.027,33.613,4.936,39.987,57.82,-66.87,0
2026-01-01 09:50:00,26.611,28.223,3.017,33.893,4.986,41.077,53.488,-65.04,0
2026-01-01 10:00:00,24.766,28.345,3.094,33.855,4.699,39.801,55.539,-66.116,0
2026-01-01 10:10:00,25.719,28.276,3.086,33.947,5.124,39.542,57.583,-65.274,0
2026-01-01 10:20:00,26.077,28.335,3.222,33.61,5.125,40.382,57.535,-67.035,0
2026-01-01 10:30:00,26.381,28.238,3.096,33.822,5.079,40.676,54.786,-65.7,0
2026-01-01 10:40:00,26.476,28.273,3.151,33.602,4.787,41.61,56.586,-64.515,0
2026-01-01 10:50:00,26.539,28.271,3.139,33.055,4.962,40.596,56.388,-64.622,0
2026-01-01 11:00:00,25.745,28.216,3.175,33.558,4.748,40.845,54.701,-66.272,0
2026-01-01 11:10:00,25.67,28.339,3.382,33.112,4.843,40.922,56.824,-66.706,0
2026-01-01 11:20:00,26.597,28.341,3.299,32.832,5.321,39.439,59.109,-65.264,0
2026-01-01 11:30:00,25.865,28.339,3.216,33.427,4.89,39.605,56.646,-64.588,0
2026-01-01 11:40:00,25.107,28.417,3.154,33.487,4.613,39.523,56.857,-64.755,0
2026-01-01 11:50:00,25.207,28.413,3.152,33.437,4.866,39.337,57.087,-65.837,0
2026-01-01 12:00:00,25.356,28.27,3.237,33.386,4.538,41.051,53.287,-64.846,0
2026-01-01 12:10:00,26.345,28.332,3.262,32.444,4.546,40.658,56.784,-63.383,0
2026-01-01 12:20:00,26.094,28.255,3.076,32.576,4.554,40.5,54.163,-64.923,0
2026-01-01 12:30:00,26.474,28.309,3.183,33.673,4.65,38.372,54.969,-67.113,0
2026-01-01 12:40:00,25.687,28.262,2.927,32.545,4.902,42.1,59.959,-64.894,0
2026-01-01 12:50:00,26.091,28.442,3.189,33.053,4.805,39.748,55.647,-62.67,0
2026-01-01 13:00:00,26.412,28.343,3.248,32.526,4.769,42.112,54.806,-66.654,0
2026-01-01 13:10:00,25.749,28.299,3.114,32.72,4.418,39.318,58.248,-65.061,0
2026-01-01 13:20:00,26.277,28.414,3.358,32.396,4.503,39.833,54.502,-65.356,0
2026-01-01 13:30:00,25.484,28.147,3.026,32.738,4.639,38.726,55.435,-64.958,0
2026-01-01 13:40:00,25.683,28.161,3.149,32.513,4.432,40.782,58.522,-64.829,0
2026-01-01 13:50:00,25.658,28.388,3.109,32.231,4.474,39.614,56.383,-63.685,0
2026-01-01 14:00:00,25.076,28.331,3.092,31.943,4.59,39.639,53.526,-64.942,0
2026-01-01 14:10:00,26.241,28.348,3.081,32.326,4.403,39.401,57.347,-63.503,0
2026-01-01 14:20:00,25.557,28.224,3.097,31.73,4.49,41.122,55.684,-65.169,0
2026-01-01 14:30:00,25.879,28.329,3.176,32.225,4.734,41.069,59.199,-65.442,0
2026-01-01 14:40:00,26.19,28.493,3.229,32.916,4.352,41.949,55.365,-65.819,0
2026-01-01 14:50:00,26.149,28.4,3.053,32.391,4.592,39.949,58.376,-67.192,0
2026-01-01 15:00:00,26.284,28.349,3.141,32.092,4.439,40.67,59.708,-64.677,0
2026-01-01 15:10:00,25.731,28.302,2.948,31.732,4.004,39.46,55.006,-62.54,0
2026-01-01 15:20:00,25.484,28.307,3.113,31.005,4.047,40.219,56.216,-64.452,0
2026-01-01 15:30:00,25.703,28.169,2.918,31.144,4.071,40.067,57.289,-64.177,0
2026-01-01 15:40:00,24.556,28.362,3.129,31.978,4.036,40.848,55.07,-65.496,0
2026-01-01 15:50:00,24.702,28.41,3.252,31.177,4.159,41.283,57.124,-65.293,0
2026-01-01 16:00:00,24.766,28.217,2.96,31.133,4.27,41.255,56.255,-63.82,0
2026-01-01 16:10:00,24.97,28.291,2.7,31.244,4.369,39.779,56.241,-62.593,0
2026-01-01 16:20:00,25.923,28.252,2.885,30.857,4.149,41.243,56.792,-63.22,0
2026-01-01 16:30:00,24.983,28.268,3.086,30.726,3.969,40.399,56.853,-64.043,0
2026-01-01 16:40:00,25.326,28.351,2.993,31.066,3.612,40.164,57.04,-64.972,0
2026-01-01 16:50:00,26.473,28.18,2.944,30.7,4.013,39.846,55.686,-64.767,0
2026-01-01 17:00:00,25.286,28.397,3.022,30.683,3.975,39.952,55.784,-65.929,0
2026-01-01 17:10:00,26.022,28.409,2.947,30.601,3.978,41.781,56.587,-66.77,0
2026-01-01 17:20:00,24.823,28.329,3.022,30.991,4.334,40.619,56.737,-66.392,0
2026-01-01 17:30:00,25.302,28.151,2.974,30.661,4.132,40.498,56.044,-64.988,0
2026-01-01 17:40:00,24.75,28.27,3.033,30.616,4.013,40.133,57.433,-65.408,0
2026-01-01 17:50:00,25.146,28.448,2.881,30.826,3.636,42.283,53.598,-66.831,0
2026-01-01 18:00:00,25.939,28.128,2.934,30.507,3.699,41.354,55.564,-65.123,0
2026-01-01 18:10:00,24.109,28.322,2.775,30.401,3.756,39.715,56.388,-65.472,0
2026-01-01 18:20:00,25.588,28.256,2.727,30.607,3.594,40.054,55.363,-66.51,0
2026-01-01 18:30:00,25.416,28.414,2.991,30.621,3.823,40.083,59.849,-65.56,0
2026-01-01 18:40:00,24.799,28.296,2.8,30.284,3.769,40.351,56.961,-65.515,0
2026-01-01 18:50:00,24.167,28.382,2.857,30.313,3.456,39.652,57.256,-65.885,0
2026-01-01 19:00:00,25.193,28.395,2.763,29.963,3.889,40.543,56.077,-64.049,0
2026-01-01 19:10:00,24.735,28.496,2.665,29.89,3.646,41.331,56.927,-67.461,0
2026-01-01 19:20:00,25.232,28.332,2.724,30.416,3.257,39.096,54.776,-67.578,0
2026-01-01 19:30:00,25.046,28.378,2.882,30.262,3.571,39.22,56.665,-65.209,0
2026-01-01 19:40:00,26.114,28.229,2.764,30.227,3.616,39.712,55.29,-65.117,0
2026-01-01 19:50:00,24.786,28.442,2.48,30.129,3.733,39.724,56.483,-64.767,0
2026-01-01 20:00:00,24.198,28.286,2.647,30.013,3.451,41.646,52.38,-65.919,0
2026-01-01 20:10:00,25.0,28.301,2.874,30.21,3.665,40.823,54.961,-66.395,0
2026-01-01 20:20:00,24.989,28.343,2.623,30.265,3.519,40.75,59.63,-65.324,0
2026-01-01 20:30:00,25.745,28.219,2.42,30.23,3.201,39.755,58.492,-65.868,0
2026-01-01 20:40:00,25.338,28.361,2.851,29.853,3.164,39.709,59.373,-63.5,0
2026-01-01 20:50:00,24.961,28.419,2.694,30.353,3.655,38.748,59.498,-65.775,0
2026-01-01 21:00:00,25.694,28.364,2.592,29.929,3.655,40.505,58.211,-65.474,0
2026-01-01 21:10:00,23.796,28.213,2.545,30.056,3.466,40.242,56.184,-62.465,0
2026-01-01 21:20:00,24.138,28.329,2.708,29.921,3.687,40.847,55.131,-65.696,0
2026-01-01 21:30:00,23.894,28.396,2.502,29.899,3.587,39.618,59.06,-64.822,0
2026-01-01 21:40:00,24.227,28.186,2.694,29.548,3.501,39.641,57.109,-64.741,0
2026-01-01 21:50:00,23.493,28.248,2.611,30.047,3.171,39.858,61.478,-64.668,0
2026-01-01 22:00:00,24.858,28.403,2.564,30.796,3.69,40.402,56.327,-65.227,0
2026-01-01 22:10:00,24.214,28.353,2.542,29.67,3.442,38.479,60.53,-65.372,0
2026-01-01 22:20:00,23.297,28.363,2.494,29.831,3.25,40.209,56.691,-65.514,0
2026-01-01 22:30:00,23.571,28.477,2.63,29.657,3.187,39.569,59.371,-66.357,0
2026-01-01 22:40:00,24.458,28.364,2.391,29.652,3.366,38.703,60.012,-65.307,0
2026-01-01 22:50:00,24.781,28.377,2.291,30.376,2.975,37.847,55.109,-63.296,0
2026-01-01 23:00:00,25.547,28.539,2.551,29.616,3.446,39.369,56.068,-64.31,0
2026-01-01 23:10:00,26.145,28.303,2.544,29.704,3.112,40.599,55.071,-65.432,0
2026-01-01 23:20:00,24.351,28.254,2.517,29.335,3.375,40.743,54.706,-64.804,0
2026-01-01 23:30:00,23.324,28.35,2.5,29.649,3.196,39.65,58.109,-66.909,0
2026-01-01 23:40:00,22.48,28.349,2.405,29.342,3.247,40.897,56.542,-66.214,0
2026-01-01 23:50:00,24.115,28.27,2.53,30.19,3.15,39.254,56.977,-64.8,0
2026-01-02 00:00:00,23.314,28.227,2.423,30.981,3.271,40.012,57.87,-64.189,0
2026-01-02 00:10:00,33.485,26.099,4.318,29.906,3.684,47.752,79.018,-76.953,1
2026-01-02 00:20:00,34.352,26.373,4.234,29.488,3.588,48.693,84.164,-76.088,1
2026-01-02 00:30:00,34.906,26.575,4.104,30.425,3.387,44.865,82.783,-72.619,1
2026-01-02 00:40:00,34.615,26.207,4.07,29.897,3.317,46.631,82.755,-76.768,1
2026-01-02 00:50:00,35.206,26.093,4.118,30.65,3.498,50.28,80.559,-75.147,1
2026-01-02 01:00:00,34.605,25.882,4.042,30.143,3.563,49.363,82.692,-74.261,1
2026-01-02 01:10:00,34.52,26.016,4.186,30.069,3.18,48.055,78.226,-74.018,1
2026-01-02 01:20:00,33.836,25.699,4.246,30.278,3.34,48.663,79.494,-78.084,1
2026-01-02 01:30:00,23.149,28.314,2.126,30.658,3.002,38.717,56.814,-65.196,0
2026-01-02 01:40:00,23.408,28.436,2.418,30.368,3.603,40.248,57.051,-64.739,0
2026-01-02 01:50:00,24.641,28.317,2.322,30.331,3.804,40.47,54.806,-67.653,0
2026-01-02 02:00:00,23.452,28.247,2.113,30.493,3.421,37.423,56.91,-66.876,0
2026-01-02 02:10:00,24.007,28.233,2.462,30.178,2.994,38.424,55.971,-65.398,0
2026-01-02 02:20:00,22.928,28.238,2.531,30.825,3.557,37.837,54.18,-66.695,0
2026-01-02 02:30:00,22.407,28.247,2.535,30.124,3.27,39.411,57.781,-67.176,0
2026-01-02 02:40:00,22.52,28.234,2.398,30.659,3.335,38.805,55.532,-65.417,0
2026-01-02 02:50:00,22.647,28.334,2.358,31.148,3.611,38.022,55.789,-65.349,0
2026-01-02 03:00:00,24.605,28.119,2.511,31.056,3.555,38.545,55.66,-67.257,0
2026-01-02 03:10:00,22.5,28.323,2.553,31.226,3.426,38.061,58.689,-66.508,0
2026-01-02 03:20:00,23.623,28.22,2.486,31.068,3.414,39.689,56.363,-68.259,0
2026-01-02 03:30:00,22.365,28.277,2.237,31.572,3.59,38.79,56.55,-67.93,0
2026-01-02 03:40:00,23.611,28.154,2.374,31.56,3.505,38.844,55.585,-66.752,0
2026-01-02 03:50:00,23.191,28.346,2.404,31.466,3.387,36.129,57.18,-66.91,0
2026-01-02 04:00:00,22.775,28.336,2.135,31.71,3.565,38.164,58.745,-68.155,0
2026-01-02 04:10:00,22.819,28.309,2.409,31.724,3.723,39.839,57.45,-67.901,0
2026-01-02 04:20:00,22.353,28.108,2.627,31.384,3.644,39.188,57.488,-68.368,0
2026-01-02 04:30:00,23.089,28.291,2.434,31.144,3.422,36.604,57.31,-66.591,0
2026-01-02 04:40:00,22.423,28.254,2.536,31.839,3.928,37.785,53.7,-69.547,0
2026-01-02 04:50:00,21.849,28.089,2.384,31.961,3.208,37.029,54.573,-68.448,0
2026-01-02 05:00:00,21.779,28.212,2.356,32.23,3.693,39.314,55.746,-69.518,0
2026-01-02 05:10:00,22.761,28.239,2.414,31.599,3.685,38.095,54.772,-66.828,0
2026-01-02 05:20:00,23.714,28.25,2.274,31.688,3.866,37.24,54.126,-69.543,0
2026-01-02 05:30:00,22.689,28.216,2.261,32.245,3.976,37.836,52.635,-67.391,0
2026-01-02 05:40:00,22.463,28.221,2.533,32.138,4.117,35.678,53.544,-65.51,0
2026-01-02 05:50:00,22.716,28.311,2.551,31.581,3.777,36.85,55.468,-65.519,0
2026-01-02 06:00:00,23.401,28.287,2.272,32.45,4.066,37.702,55.765,-69.744,0
2026-01-02 06:10:00,22.611,27.955,2.513,31.748,4.017,38.305,54.423,-67.268,0
2026-01-02 06:20:00,22.142,28.155,2.392,32.142,3.664,36.03,55.953,-68.863,0
2026-01-02 06:30:00,23.177,28.163,2.449,33.023,4.416,37.234,54.989,-69.157,0
2026-01-02 06:40:00,22.676,28.032,2.47,33.264,3.778,38.302,57.692,-67.912,0
2026-01-02 06:50:00,23.426,28.175,2.541,32.275,4.179,36.288,55.396,-66.351,0
2026-01-02 07:00:00,22.454,28.263,2.439,32.659,4.203,37.589,56.897,-67.156,0
2026-01-02 07:10:00,21.445,28.072,2.606,32.862,4.21,37.414,55.967,-68.783,0
2026-01-02 07:20:00,21.321,28.181,2.481,33.543,4.086,38.689,53.034,-67.129,0
2026-01-02 07:30:00,23.412,28.076,2.527,32.818,4.381,37.09,55.35,-70.718,0
2026-01-02 07:40:00,23.442,28.091,2.361,32.893,3.933,37.093,53.244,-68.979,0
2026-01-02 07:50:00,22.089,28.259,2.728,33.67,4.262,37.871,55.229,-69.114,0
2026-01-02 08:00:00,21.927,28.092,2.534,33.063,4.192,36.083,54.036,-68.081,0
2026-01-02 08:10:00,23.2,28.168,2.573,33.512,4.199,36.925,56.018,-68.468,0
2026-01-02 08:20:00,21.384,27.977,2.303,32.806,4.45,36.695,52.868,-68.445,0
2026-01-02 08:30:00,21.516,28.271,2.407,33.325,4.609,36.906,55.263,-68.534,0
2026-01-02 08:40:00,22.576,28.165,2.664,32.865,4.354,37.655,56.219,-68.347,0
2026-01-02 08:50:00,21.835,28.098,2.56,33.134,4.608,37.378,56.774,-67.776,0
2026-01-02 09:00:00,22.093,28.154,2.307,33.854,4.49,36.295,53.716,-68.294,0
2026-01-02 09:10:00,21.969,27.99,2.671,33.597,4.33,36.962,55.074,-68.864,0
2026-01-02 09:20:00,22.308,28.193,2.492,33.555,4.485,38.005,55.324,-68.09,0
2026-01-02 09:30:00,23.045,28.067,2.738,33.455,4.504,36.108,57.727,-67.629,0
2026-01-02 09:40:00,22.113,28.072,2.569,33.688,4.452,36.85,52.225,-69.337,0
2026-01-02 09:50:00,22.491,28.044,2.615,33.916,4.704,36.54,53.2,-68.789,0
2026-01-02 10:00:00,20.597,28.032,2.744,34.198,4.692,36.606,59.836,-67.372,0
2026-01-02 10:10:00,21.99,28.13,2.506,32.977,4.352,35.314,54.245,-70.138,0
2026-01-02 10:20:00,21.428,28.09,2.507,33.643,4.366,37.709,51.28,-66.697,0
2026-01-02 10:30:00,21.159,28.116,2.614,34.026,4.806,35.924,53.582,-70.518,0
2026-01-02 10:40:00,21.393,28.059,2.749,33.969,4.582,37.327,49.594,-69.373,0
2026-01-02 10:50:00,21.771,28.095,2.502,34.176,4.829,35.973,54.957,-70.146,0
2026-01-02 11:00:00,22.643,28.016,2.474,34.157,4.947,35.934,55.927,-66.427,0
2026-01-02 11:10:00,21.072,28.223,2.786,33.983,4.559,37.37,52.774,-69.703,0
2026-01-02 11:20:00,22.021,27.914,2.627,33.928,4.553,37.16,53.513,-69.746,0
2026-01-02 11:30:00,21.662,28.135,2.665,34.047,5.191,36.498,55.967,-69.636,0
2026-01-02 11:40:00,21.772,28.139,2.502,34.553,4.947,36.906,51.099,-69.122,0
2026-01-02 11:50:00,22.706,27.956,2.656,33.91,4.812,36.033,51.814,-69.677,0
2026-01-02 12:00:00,22.384,28.198,2.749,34.157,4.728,36.225,53.726,-69.487,0
2026-01-02 12:10:00,22.948,28.094,2.874,34.252,4.83,35.671,52.726,-73.607,0
2026-01-02 12:20:00,21.909,28.087,2.683,34.741,4.711,36.892,53.494,-69.348,0
2026-01-02 12:30:00,21.537,28.007,2.987,34.094,5.142,35.583,51.691,-69.439,0
2026-01-02 12:40:00,21.874,27.982,2.719,34.536,4.825,37.296,54.294,-68.258,0
2026-01-02 12:50:00,22.209,27.978,2.732,34.63,5.214,35.826,53.582,-67.976,0
2026-01-02 13:00:00,22.172,28.021,3.011,34.172,4.929,36.066,54.781,-69.815,0
2026-01-02 13:10:00,21.3,28.097,2.865,34.113,4.813,36.629,54.094,-68.652,0
2026-01-02 13:20:00,22.133,27.994,2.786,34.061,4.948,36.013,54.047,-70.995,0
2026-01-02 13:30:00,22.242,27.902,2.847,34.074,4.519,35.729,51.013,-68.794,0
2026-01-02 13:40:00,23.857,28.036,3.04,34.447,5.03,35.917,54.443,-70.442,0
2026-01-02 13:50:00,23.423,28.038,3.066,34.211,5.029,36.631,52.902,-71.217,0
2026-01-02 14:00:00,21.527,28.012,2.805,34.191,5.236,35.361,53.138,-70.058,0
2026-01-02 14:10:00,21.939,28.014,2.91,33.691,4.701,35.766,55.264,-68.194,0
2026-01-02 14:20:00,21.132,27.928,2.939,33.72,5.317,35.852,52.022,-69.696,0
2026-01-02 14:30:00,21.761,27.87,2.822,34.78,5.253,36.513,55.689,-68.156,0
2026-01-02 14:40:00,22.414,27.87,2.946,33.936,5.344,35.719,55.796,-70.888,0
2026-01-02 14:50:00,23.057,27.804,2.965,33.693,5.086,37.225,54.49,-68.769,0
2026-01-02 15:00:00,21.723,27.949,3.113,34.428,5.301,35.632,51.309,-70.846,0
2026-01-02 15:10:00,21.796,27.918,3.133,33.987,4.806,35.548,49.078,-69.829,0
2026-01-02 15:20:00,20.773,27.885,2.96,34.049,5.243,35.582,54.894,-69.875,0
2026-01-02 15:30:00,22.186,27.679,2.985,33.755,4.945,34.647,53.091,-69.376,0
2026-01-02 15:40:00,21.58,27.811,3.102,33.645,4.767,34.854,51.488,-69.903,0
2026-01-02 15:50:00,21.977,27.995,2.963,33.649,4.869,35.242,54.88,-71.124,0
2026-01-02 16:00:00,21.76,27.848,3.115,33.174,5.092,36.559,51.155,-69.214,0
2026-01-02 16:10:00,22.334,27.925,3.044,33.574,4.921,35.609,51.88,-68.225,0
2026-01-02 16:20:00,21.196,27.78,2.949,33.654,5.155,35.233,53.526,-71.035,0
2026-01-02 16:30:00,21.428,28.002,2.961,34.141,4.711,36.589,50.515,-72.568,0
2026-01-02 16:40:00,23.974,27.87,3.259,33.465,4.64,36.836,52.26,-69.797,0
2026-01-02 16:50:00,21.611,27.9,3.077,32.557,5.331,36.587,54.355,-70.823,0
2026-01-02 17:00:00,21.775,28.059,3.302,33.279,5.227,34.889,52.713,-70.612,0
2026-01-02 17:10:00,23.859,27.989,3.053,34.207,4.826,35.165,54.516,-69.816,0
2026-01-02 17:20:00,24.638,27.839,3.159,33.486,5.024,37.002,54.248,-71.059,0
2026-01-02 17:30:00,21.817,27.811,3.42,32.832,5.216,35.736,52.159,-70.861,0
2026-01-02 17:40:00,22.412,27.828,3.014,33.254,5.082,35.321,47.877,-70.684,0
2026-01-02 17:50:00,22.942,27.89,2.921,32.718,5.014,36.102,50.03,-68.826,0
2026-01-02 18:00:00,23.948,27.837,3.312,32.433,5.188,36.327,53.332,-70.579,0
2026-01-02 18:10:00,22.081,27.809,3.066,32.713,4.807,35.059,49.105,-72.122,0
2026-01-02 18:20:00,22.636,27.954,3.17,32.793,4.943,35.687,51.245,-72.097,0
2026-01-02 18:30:00,23.388,27.823,3.109,32.032,4.915,36.248,52.38,-70.518,0
2026-01-02 18:40:00,23.184,28.011,3.218,32.21,4.846,34.576,54.353,-72.062,0
2026-01-02 18:50:00,22.654,27.83,3.078,32.54,4.803,35.512,50.611,-72.603,0
2026-01-02 19:00:00,22.861,27.962,3.177,32.317,4.876,34.609,50.425,-69.986,0
2026-01-02 19:10:00,22.031,27.843,3.258,32.521,4.847,34.713,51.427,-69.947,0
2026-01-02 19:20:00,22.865,27.887,3.089,31.88,4.609,35.05,52.091,-71.229,0
2026-01-02 19:30:00,22.884,27.748,3.131,32.477,4.957,35.883,51.119,-70.453,0
2026-01-02 19:40:00,23.273,27.734,3.178,31.734,4.579,35.246,53.224,-70.597,0
2026-01-02 19:50:00,22.762,27.835,3.053,32.645,4.707,34.987,49.835,-70.116,0
2026-01-02 20:00:00,23.521,27.873,3.178,31.391,4.667,35.551,51.428,-70.129,0
2026-01-02 20:10:00,23.941,27.793,3.246,31.531,4.773,34.596,51.951,-73.997,0
2026-01-02 20:20:00,23.382,27.683,3.188,31.981,4.253,35.862,50.368,-71.173,0
2026-01-02 20:30:00,23.561,27.673,3.206,32.339,4.829,36.43,52.538,-70.276,0
2026-01-02 20:40:00,23.394,27.664,3.239,31.789,4.489,35.469,51.234,-71.402,0
2026-01-02 20:50:00,23.399,27.633,3.165,31.798,4.842,35.378,52.324,-70.878,0
2026-01-02 21:00:00,22.936,27.779,3.329,31.53,4.475,35.847,51.193,-70.032,0
2026-01-02 21:10:00,23.706,27.857,3.42,31.088,4.534,33.935,51.46,-70.846,0
2026-01-02 21:20:00,23.459,27.762,3.193,31.2,4.898,35.997,49.584,-69.143,0
2026-01-02 21:30:00,25.036,27.578,3.308,30.873,4.432,38.06,49.527,-69.608,0
2026-01-02 21:40:00,24.715,27.74,3.221,30.776,4.706,35.492,52.806,-71.11,0
2026-01-02 21:50:00,23.928,27.739,3.294,31.291,4.438,35.507,51.686,-71.213,0
2026-01-02 22:00:00,23.167,27.916,3.438,30.685,4.484,36.211,48.641,-74.401,0
2026-01-02 22:10:00,22.967,27.629,3.31,31.119,4.385,36.946,50.748,-71.378,0
2026-01-02 22:20:00,24.623,27.711,3.035,30.482,4.511,36.425,46.091,-72.615,0
2026-01-02 22:30:00,24.018,27.875,3.301,30.974,4.175,33.936,49.272,-70.729,0
2026-01-02 22:40:00,24.214,27.771,3.393,30.632,4.085,36.128,51.976,-70.813,0
2026-01-02 22:50:00,22.701,27.777,3.217,31.23,4.125,37.752,49.962,-70.164,0
2026-01-02 23:00:00,24.616,27.738,3.36,30.788,4.242,36.21,50.342,-69.324,0
2026-01-02 23:10:00,24.33,27.752,3.155,31.045,4.148,34.807,44.642,-71.031,0
2026-01-02 23:20:00,23.279,27.785,3.057,30.288,4.304,35.976,49.308,-68.263,0
2026-01-02 23:30:00,23.77,27.655,3.248,30.514,4.393,34.746,50.566,-70.719,0
2026-01-02 23:40:00,24.329,27.787,3.017,30.095,3.907,36.778,50.738,-72.568,0
2026-01-02 23:50:00,24.226,27.604,3.195,30.239,3.926,35.048,51.576,-71.667,0
2026-01-03 00:00:00,24.029,27.737,3.373,30.24,3.756,35.895,49.409,-71.436,0
2026-01-03 00:10:00,24.205,27.722,2.985,30.027,4.42,35.172,49.433,-70.273,0
2026-01-03 00:20:00,24.145,27.656,3.055,29.808,4.045,35.445,47.278,-72.115,0
2026-01-03 00:30:00,24.472,27.701,3.079,29.693,4.051,37.096,49.253,-71.329,0
2026-01-03 00:40:00,25.439,27.65,3.19,29.325,3.659,36.015,47.295,-71.158,0
2026-01-03 00:50:00,22.655,27.612,3.147,29.734,3.898,35.511,46.185,-71.494,0
2026-01-03 01:00:00,24.329,27.667,3.352,30.284,3.972,35.068,47.504,-69.974,0
2026-01-03 01:10:00,24.662,27.604,3.292,29.469,3.792,34.514,52.12,-70.168,0
2026-01-03 01:20:00,24.788,27.716,3.23,29.516,4.03,35.039,48.864,-69.527,0
2026-01-03 01:30:00,24.363,27.596,3.181,30.591,4.251,36.158,49.694,-71.313,0
2026-01-03 01:40:00,23.435,27.743,3.203,29.713,3.572,36.881,48.321,-69.461,0
2026-01-03 01:50:00,24.937,27.589,3.044,30.022,3.531,35.679,45.971,-72.527,0
2026-01-03 02:00:00,25.957,27.636,3.242,30.111,3.535,37.414,50.827,-72.543,0
2026-01-03 02:10:00,23.716,27.629,2.997,30.098,4.007,35.614,45.181,-72.319,0
2026-01-03 02:20:00,25.435,27.783,3.222,29.315,3.87,36.03,48.042,-70.836,0
2026-01-03 02:30:00,24.64,27.702,3.255,29.752,3.61,35.389,48.892,-69.388,0
2026-01-03 02:40:00,24.867,27.657,3.128,29.255,3.622,37.078,49.356,-71.536,0
2026-01-03 02:50:00,24.212,27.712,3.072,30.668,3.429,37.996,47.584,-71.368,0
2026-01-03 03:00:00,24.754,27.502,3.132,29.247,3.748,34.943,45.534,-71.037,0
2026-01-03 03:10:00,25.937,27.665,2.73,29.434,3.473,36.11,47.353,-70.071,0
2026-01-03 03:20:00,25.472,27.827,3.099,29.436,3.477,37.434,47.399,-71.311,0
2026-01-03 03:30:00,26.314,27.676,3.039,29.278,3.631,35.3,47.308,-71.357,0
2026-01-03 03:40:00,25.963,27.669,3.036,30.28,3.453,36.947,50.399,-72.31,0
2026-01-03 03:50:00,25.482,27.706,3.116,30.662,3.425,37.507,46.422,-71.359,0
2026-01-03 04:00:00,26.431,27.733,3.011,29.657,3.457,36.629,49.103,-69.237,0
2026-01-03 04:10:00,25.553,27.5,2.872,29.375,3.598,37.045,48.801,-70.517,0
2026-01-03 04:20:00,25.86,27.524,2.98,29.069,3.752,38.051,50.2,-71.49,0
2026-01-03 04:30:00,25.106,27.675,2.994,29.785,3.525,38.239,48.188,-69.093,0
2026-01-03 04:40:00,25.394,27.6,2.987,29.781,3.555,36.67,49.808,-71.253,0
2026-01-03 04:50:00,24.891,27.761,2.981,29.688,3.342,36.333,48.031,-68.82,0
2026-01-03 05:00:00,26.104,27.63,3.074,30.02,3.228,36.062,49.081,-68.812,0
2026-01-03 05:10:00,24.618,27.499,2.807,30.11,3.489,37.62,45.552,-70.402,0
2026-01-03 05:20:00,26.021,27.552,2.946,30.116,3.382,35.782,43.467,-72.238,0
2026-01-03 05:30:00,25.369,27.433,3.068,29.927,3.055,36.718,48.855,-67.663,0
2026-01-03 05:40:00,26.352,27.633,2.692,29.688,3.265,37.043,48.912,-69.916,0
2026-01-03 05:50:00,26.086,27.637,2.909,30.346,3.307,36.6,48.952,-70.738,0
2026-01-03 06:00:00,26.862,27.617,2.805,30.159,3.215,37.268,47.112,-69.171,0
2026-01-03 06:10:00,26.126,27.737,2.818,30.51,3.608,39.138,50.701,-69.443,0
2026-01-03 06:20:00,24.539,27.746,2.741,30.522,3.403,37.032,47.154,-68.68,0
2026-01-03 06:30:00,25.618,27.637,2.816,29.796,3.579,36.823,48.702,-71.015,0
2026-01-03 06:40:00,24.869,27.479,3.045,29.842,3.354,38.027,48.979,-69.804,0
2026-01-03 06:50:00,25.35,27.699,2.659,30.132,3.317,37.45,50.967,-71.575,0
2026-01-03 07:00:00,34.73,25.482,4.264,30.082,3.113,46.898,70.002,-82.933,1
2026-01-03 07:10:00,37.024,25.759,4.668,30.773,3.303,46.901,66.507,-79.226,1
2026-01-03 07:20:00,37.714,25.419,4.943,30.69,3.305,46.918,71.042,-80.305,1
2026-01-03 07:30:00,37.517,25.567,4.779,31.012,3.031,43.638,69.4,-79.526,1
2026-01-03 07:40:00,36.946,25.778,4.262,30.829,3.201,46.552,72.56,-81.707,1
2026-01-03 07:50:00,36.046,25.643,4.061,30.827,3.248,44.886,77.049,-80.882,1
2026-01-03 08:00:00,38.76,25.842,4.407,31.239,3.401,46.78,79.989,-81.524,1
2026-01-03 08:10:00,32.585,25.654,5.205,31.051,3.418,45.546,76.324,-77.271,1
2026-01-03 08:20:00,35.996,25.51,5.108,30.979,3.217,48.806,72.099,-82.594,1
2026-01-03 08:30:00,26.324,27.774,2.851,31.543,3.435,37.726,47.201,-69.111,0
2026-01-03 08:40:00,24.308,27.633,2.569,31.136,3.314,37.552,45.77,-69.216,0
2026-01-03 08:50:00,26.137,27.722,2.737,31.062,2.787,37.117,46.785,-69.684,0
2026-01-03 09:00:00,25.986,27.674,2.547,30.948,3.276,38.335,46.746,-71.484,0
2026-01-03 09:10:00,26.236,27.648,2.422,31.562,3.601,37.239,46.388,-71.172,0
2026-01-03 09:20:00,27.088,27.766,2.746,31.824,3.062,37.14,44.911,-70.505,0
2026-01-03 09:30:00,24.521,27.639,2.751,31.449,3.435,38.925,50.261,-72.092,0
2026-01-03 09:40:00,25.559,27.517,2.725,32.001,3.744,38.303,47.908,-67.792,0
2026-01-03 09:50:00,26.393,27.596,2.532,30.931,3.291,37.877,46.941,-68.997,0
2026-01-03 10:00:00,24.878,27.706,2.557,31.678,3.46,38.623,48.688,-69.43,0
2026-01-03 10:10:00,27.023,27.695,2.656,31.762,3.216,38.163,48.151,-71.978,0
2026-01-03 10:20:00,26.252,27.539,2.602,31.6,3.821,38.507,47.778,-71.493,0
2026-01-03 10:30:00,26.59,27.608,2.497,32.767,3.498,37.593,48.495,-69.262,0
2026-01-03 10:40:00,25.599,27.621,2.34,31.988,3.543,39.948,47.483,-66.849,0
2026-01-03 10:50:00,26.57,27.64,2.537,31.947,3.825,37.873,48.43,-70.006,0
2026-01-03 11:00:00,26.748,27.561,2.643,32.177,3.708,39.626,48.561,-68.085,0
2026-01-03 11:10:00,26.162,27.622,2.36,31.545,3.423,38.275,47.481,-69.651,0
2026-01-03 11:20:00,26.161,27.616,2.571,32.058,3.491,39.117,46.774,-68.962,0
2026-01-03 11:30:00,26.183,27.738,2.525,32.746,3.743,39.103,49.91,-67.524,0
2026-01-03 11:40:00,25.385,27.743,2.566,32.259,3.543,39.477,46.28,-69.349,0
2026-01-03 11:50:00,25.881,27.668,2.572,32.265,3.269,37.932,47.83,-69.714,0
2026-01-03 12:00:00,25.872,27.651,2.375,33.089,3.706,39.509,47.857,-67.137,0
2026-01-03 12:10:00,26.24,27.695,2.256,33.175,3.447,40.169,46.002,-68.735,0
2026-01-03 12:20:00,26.664,27.621,2.378,32.96,4.092,38.529,45.633,-67.432,0
2026-01-03 12:30:00,25.214,27.597,2.542,32.693,3.831,38.807,46.439,-69.516,0
2026-01-03 12:40:00,25.858,27.616,2.362,32.841,3.641,38.403,46.18,-66.956,0
2026-01-03 12:50:00,26.971,27.642,2.337,32.714,3.71,38.588,44.431,-68.267,0
2026-01-03 13:00:00,25.402,27.603,2.195,32.716,3.5,40.276,45.874,-68.025,0
2026-01-03 13:10:00,25.334,27.711,2.618,32.767,3.686,38.146,47.518,-68.339,0
2026-01-03 13:20:00,26.038,27.759,2.5,32.983,4.138,38.238,49.31,-69.054,0
2026-01-03 13:30:00,26.473,27.576,2.488,32.902,4.409,40.322,48.023,-68.4,0
2026-01-03 13:40:00,25.874,27.708,2.506,32.78,4.137,39.574,42.34,-68.88,0
2026-01-03 13:50:00,26.78,27.691,2.454,33.466,4.003,40.811,48.168,-67.148,0
2026-01-03 14:00:00,26.432,27.739,2.351,33.532,3.965,38.795,46.005,-68.493,0
2026-01-03 14:10:00,26.403,27.713,2.356,34.103,3.889,39.297,47.822,-69.995,0
2026-01-03 14:20:00,26.183,27.601,2.32,33.33,4.522,38.707,46.978,-70.165,0
2026-01-03 14:30:00,27.404,27.619,2.684,33.722,4.103,39.389,46.655,-70.172,0
2026-01-03 14:40:00,25.61,27.726,2.431,33.78,4.593,37.894,46.816,-67.308,0
2026-01-03 14:50:00,24.329,27.809,2.306,33.632,4.479,39.9,46.96,-69.381,0
2026-01-03 15:00:00,26.832,27.552,2.414,34.029,3.882,39.649,49.42,-67.589,0
2026-01-03 15:10:00,25.365,27.76,2.235,34.085,4.127,39.381,46.966,-67.736,0
2026-01-03 15:20:00,25.737,27.831,2.535,33.972,4.156,39.152,48.958,-67.927,0
2026-01-03 15:30:00,26.553,27.727,2.273,33.809,4.304,38.785,48.698,-67.274,0
2026-01-03 15:40:00,24.489,27.787,2.412,33.812,4.338,40.119,48.21,-67.56,0
2026-01-03 15:50:00,24.707,27.69,2.479,33.494,4.978,38.636,43.798,-70.952,0
2026-01-03 16:00:00,24.435,27.74,2.396,33.724,4.193,40.017,49.029,-68.039,0
2026-01-03 16:10:00,24.972,27.623,2.361,33.819,4.483,41.302,46.201,-67.091,0
2026-01-03 16:20:00,25.806,27.569,2.352,33.672,4.59,40.865,48.32,-65.583,0
2026-01-03 16:30:00,25.836,27.836,2.344,34.245,4.494,38.506,45.289,-65.478,0
2026-01-03 16:40:00,25.632,27.685,2.283,34.533,4.545,39.313,44.914,-69.088,0
2026-01-03 16:50:00,24.418,27.731,2.299,33.817,4.342,40.112,50.614,-67.823,0
2026-01-03 17:00:00,23.758,27.66,2.532,34.252,4.599,39.751,45.343,-69.234,0
2026-01-03 17:10:00,25.381,27.662,2.344,33.805,4.707,38.718,49.139,-65.482,0
2026-01-03 17:20:00,24.979,27.765,2.265,34.073,4.697,40.177,47.301,-66.042,0
2026-01-03 17:30:00,25.597,27.725,2.3,33.947,4.772,39.89,46.344,-66.788,0
2026-01-03 17:40:00,25.732,27.817,2.497,34.406,4.966,41.459,47.032,-66.962,0
2026-01-03 17:50:00,25.302,27.827,2.45,33.961,4.896,39.754,44.784,-65.456,0
2026-01-03 18:00:00,25.702,27.821,2.44,34.554,4.747,40.919,47.116,-65.612,0
2026-01-03 18:10:00,25.294,27.818,2.346,34.112,4.522,38.998,45.207,-65.628,0
2026-01-03 18:20:00,25.468,27.929,2.45,33.966,4.66,39.216,46.46,-66.423,0
2026-01-03 18:30:00,24.566,27.722,2.309,33.747,4.759,40.641,48.854,-67.343,0
2026-01-03 18:40:00,24.895,27.807,2.36,34.264,4.875,40.956,47.663,-65.957,0
2026-01-03 18:50:00,25.12,27.906,2.513,34.476,4.75,39.348,44.556,-65.852,0
2026-01-03 19:00:00,25.518,27.921,2.508,34.243,4.679,40.157,48.775,-67.014,0
2026-01-03 19:10:00,24.629,27.711,2.291,34.912,4.648,39.056,47.249,-67.161,0
2026-01-03 19:20:00,25.229,27.804,2.313,34.608,4.575,40.039,46.306,-65.335,0
2026-01-03 19:30:00,24.638,27.942,2.436,33.976,4.876,40.875,48.647,-64.653,0
2026-01-03 19:40:00,24.701,27.878,2.637,33.945,4.647,39.878,47.024,-67.505,0
2026-01-03 19:50:00,25.323,27.857,2.207,34.192,4.757,40.048,45.249,-66.877,0
2026-01-03 20:00:00,23.306,27.829,2.478,33.702,4.894,39.362,50.697,-66.097,0
2026-01-03 20:10:00,23.752,27.82,2.288,34.37,4.721,39.766,47.364,-65.89,0
2026-01-03 20:20:00,23.58,27.878,2.385,34.051,5.078,41.71,47.273,-67.058,0
2026-01-03 20:30:00,22.941,27.84,2.426,33.975,5.163,40.379,46.716,-64.129,0
2026-01-03 20:40:00,24.057,27.861,2.428,34.084,4.918,39.535,49.595,-65.841,0
2026-01-03 20:50:00,25.014,27.875,2.424,34.403,4.952,40.101,46.553,-65.668,0
2026-01-03 21:00:00,24.246,27.82,2.498,33.813,5.157,39.09,44.745,-64.154,0
2026-01-03 21:10:00,24.541,27.921,2.443,33.665,4.916,39.571,46.332,-66.763,0
2026-01-03 21:20:00,25.121,28.116,2.341,34.182,4.911,41.484,49.971,-66.29,0
2026-01-03 21:30:00,25.244,27.746,2.621,33.94,5.314,40.294,49.11,-67.649,0
2026-01-03 21:40:00,24.223,27.919,2.628,33.434,5.258,41.932,47.184,-66.312,0
2026-01-03 21:50:00,25.174,27.837,2.649,33.491,5.207,40.355,50.146,-67.854,0
2026-01-03 22:00:00,24.247,27.948,2.374,33.499,5.277,40.412,49.052,-65.132,0
2026-01-03 22:10:00,23.552,27.911,2.605,33.497,4.7,40.963,47.258,-65.488,0
2026-01-03 22:20:00,23.678,27.973,2.662,32.833,5.369,38.321,47.472,-66.287,0
2026-01-03 22:30:00,23.013,28.011,2.468,32.704,5.178,40.631,48.397,-66.039,0
2026-01-03 22:40:00,23.383,27.937,2.605,32.868,5.302,40.435,46.341,-64.969,0
2026-01-03 22:50:00,23.71,28.017,2.601,32.773,5.177,41.669,47.882,-67.211,0
2026-01-03 23:00:00,24.479,27.744,2.848,32.817,5.108,41.257,48.465,-65.568,0
2026-01-03 23:10:00,25.076,28.063,2.87,33.195,5.041,39.583,44.909,-64.94,0
2026-01-03 23:20:00,22.86,27.971,2.451,32.842,5.166,41.487,47.642,-67.885,0
2026-01-03 23:30:00,24.058,28.032,2.962,32.898,5.026,40.287,47.474,-64.891,0
2026-01-03 23:40:00,23.011,27.853,2.566,32.328,5.256,39.775,49.909,-67.69,0
2026-01-03 23:50:00,24.027,27.89,2.805,32.52,4.759,40.657,44.777,-65.791,0
2026-01-04 00:00:00,23.56,27.973,2.817,32.812,4.961,40.338,47.449,-67.015,0
2026-01-04 00:10:00,22.326,27.965,2.593,32.739,5.47,41.73,47.309,-63.871,0
2026-01-04 00:20:00,24.214,27.994,2.785,32.201,4.926,40.771,49.945,-66.948,0
2026-01-04 00:30:00,23.097,28.063,2.725,32.434,4.994,40.661,48.179,-67.511,0
2026-01-04 00:40:00,23.104,27.84,2.817,33.069,4.854,41.214,51.533,-65.343,0
2026-01-04 00:50:00,22.686,28.064,2.791,32.215,5.085,41.364,49.534,-65.972,0
2026-01-04 01:00:00,22.935,27.992,2.92,31.901,4.858,41.112,47.646,-67.254,0
2026-01-04 01:10:00,23.65,27.98,2.798,32.004,4.954,41.615,48.86,-64.792,0
2026-01-04 01:20:00,23.176,27.883,2.782,32.018,5.147,40.96,47.835,-67.787,0
2026-01-04 01:30:00,23.497,28.046,2.947,31.855,4.821,40.6,50.064,-66.616,0
2026-01-04 01:40:00,23.479,27.818,2.898,31.818,5.102,41.45,46.164,-66.039,0
2026-01-04 01:50:00,24.11,28.068,2.929,31.246,5.092,40.377,47.125,-64.364,0
2026-01-04 02:00:00,22.905,27.902,2.774,31.336,5.12,40.467,49.474,-63.749,0
2026-01-04 02:10:00,22.071,28.03,2.741,31.543,4.919,41.807,50.907,-63.959,0
2026-01-04 02:20:00,23.812,28.021,2.811,31.461,5.519,41.717,44.784,-65.445,0
2026-01-04 02:30:00,22.794,28.129,2.817,31.244,5.061,40.401,51.269,-68.154,0
2026-01-04 02:40:00,23.768,28.026,2.999,31.305,4.894,40.032,48.591,-64.753,0
2026-01-04 02:50:00,23.218,27.99,3.034,31.313,4.633,41.552,45.501,-63.439,0
2026-01-04 03:00:00,22.82,28.01,2.91,31.529,4.766,41.007,43.538,-63.705,0
2026-01-04 03:10:00,23.119,28.157,3.113,31.11,5.047,40.604,46.238,-64.614,0
2026-01-04 03:20:00,24.204,28.103,3.118,31.213,5.08,40.079,49.006,-66.58,0
2026-01-04 03:30:00,24.256,28.035,2.995,30.813,5.01,40.585,48.973,-65.768,0
2026-01-04 03:40:00,22.816,28.051,2.879,31.133,4.846,40.285,50.283,-62.802,0
2026-01-04 03:50:00,22.845,27.95,3.178,30.997,4.413,39.753,48.206,-66.809,0
2026-01-04 04:00:00,23.452,28.111,2.993,31.102,4.735,40.368,47.252,-66.474,0
2026-01-04 04:10:00,22.073,27.944,3.027,30.983,4.363,40.458,48.555,-63.953,0
2026-01-04 04:20:00,22.865,28.15,2.983,30.876,4.287,39.925,49.412,-65.59,0
2026-01-04 04:30:00,22.582,28.105,2.928,30.574,4.605,40.927,49.82,-66.48,0
2026-01-04 04:40:00,22.789,28.29,2.869,30.634,4.634,41.213,48.038,-63.219,0
2026-01-04 04:50:00,21.955,28.016,3.132,30.862,4.682,40.936,51.135,-64.49,0
2026-01-04 05:00:00,21.395,28.101,2.972,30.206,4.572,39.915,48.449,-65.494,0
2026-01-04 05:10:00,21.028,28.258,3.444,30.16,4.55,40.717,48.056,-66.403,0
2026-01-04 05:20:00,21.668,28.214,2.956,30.391,4.218,40.15,48.701,-62.565,0
2026-01-04 05:30:00,22.102,28.067,2.946,30.423,4.365,39.074,51.667,-65.046,0
2026-01-04 05:40:00,22.191,28.146,3.167,29.942,4.055,40.575,49.549,-63.335,0
2026-01-04 05:50:00,23.726,28.133,3.299,30.158,3.926,40.127,48.594,-63.935,0
2026-01-04 06:00:00,23.119,28.16,3.132,30.108,4.445,42.057,51.568,-65.629,0
2026-01-04 06:10:00,21.646,28.086,3.202,29.325,4.116,41.12,53.815,-65.618,0
2026-01-04 06:20:00,22.54,28.139,2.92,29.985,4.412,40.495,50.393,-63.265,0
2026-01-04 06:30:00,21.988,28.023,3.069,29.971,4.429,40.096,52.294,-63.245,0
2026-01-04 06:40:00,22.052,28.166,3.029,29.937,4.053,39.998,51.996,-67.253,0
2026-01-04 06:50:00,22.36,28.196,2.938,30.457,4.265,39.033,49.099,-64.342,0
2026-01-04 07:00:00,22.643,28.146,3.187,29.508,3.985,38.414,50.295,-65.149,0
2026-01-04 07:10:00,21.953,28.039,2.911,29.619,3.718,39.075,47.997,-66.246,0
2026-01-04 07:20:00,22.917,28.252,3.028,28.971,4.082,39.703,49.996,-64.695,0
2026-01-04 07:30:00,21.355,28.206,3.129,29.696,3.934,38.023,49.297,-66.633,0
2026-01-04 07:40:00,22.142,28.123,3.099,29.709,3.911,39.239,49.758,-65.579,0
2026-01-04 07:50:00,23.94,28.163,3.252,29.654,4.365,39.442,49.193,-65.983,0
2026-01-04 08:00:00,22.263,28.07,3.247,30.208,3.636,39.433,50.086,-65.632,0
2026-01-04 08:10:00,23.097,28.112,3.323,30.112,3.989,39.041,51.621,-65.125,0
2026-01-04 08:20:00,22.144,28.155,3.311,29.832,3.685,39.262,50.508,-66.267,0
2026-01-04 08:30:00,22.475,28.301,3.362,29.671,4.038,40.878,47.428,-63.17,0
2026-01-04 08:40:00,22.018,28.155,3.229,30.159,3.888,39.992,49.502,-64.476,0
2026-01-04 08:50:00,21.928,28.262,3.269,29.795,3.877,38.977,48.171,-62.925,0
2026-01-04 09:00:00,21.492,28.171,3.297,29.52,3.586,39.333,51.406,-65.282,0
2026-01-04 09:10:00,22.331,28.238,3.256,29.214,3.596,39.327,51.934,-65.761,0
2026-01-04 09:20:00,21.427,28.211,3.194,29.67,3.908,38.697,51.551,-63.006,0
2026-01-04 09:30:00,22.483,28.296,3.204,30.102,4.052,38.657,49.733,-65.824,0
2026-01-04 09:40:00,22.771,28.187,3.148,30.65,3.769,40.041,51.657,-65.359,0
2026-01-04 09:50:00,22.264,28.108,3.298,29.894,3.47,38.857,50.428,-64.297,0
2026-01-04 10:00:00,21.803,28.127,3.237,29.626,3.693,38.277,49.287,-66.663,0
2026-01-04 10:10:00,22.319,28.198,3.17,29.503,4.088,39.078,52.734,-64.342,0
2026-01-04 10:20:00,21.784,28.145,3.17,30.137,3.601,39.166,52.933,-64.513,0
2026-01-04 10:30:00,22.655,28.281,3.105,29.356,3.852,37.452,53.23,-63.709,0
2026-01-04 10:40:00,20.719,28.214,3.367,30.198,3.391,38.956,50.49,-64.184,0
2026-01-04 10:50:00,21.767,28.445,3.259,30.326,3.51,39.641,53.77,-63.712,0
2026-01-04 11:00:00,20.611,28.12,3.145,30.229,3.623,39.266,50.821,-65.426,0
2026-01-04 11:10:00,20.962,28.278,3.344,30.039,3.561,40.646,52.948,-66.351,0
2026-01-04 11:20:00,22.968,28.175,3.178,30.356,3.31,39.82,50.914,-62.806,0
2026-01-04 11:30:00,22.646,28.229,3.074,30.262,3.285,39.935,51.493,-67.194,0
2026-01-04 11:40:00,21.522,28.283,3.363,29.976,3.628,40.973,47.601,-67.098,0
2026-01-04 11:50:00,20.981,28.089,3.173,30.945,3.654,39.296,51.478,-64.732,0
2026-01-04 12:00:00,19.966,28.297,3.185,30.225,3.704,38.776,52.248,-63.486,0
2026-01-04 12:10:00,21.671,28.433,3.236,30.672,3.749,39.38,51.408,-65.235,0
2026-01-04 12:20:00,23.756,28.247,3.364,29.609,3.402,38.11,55.37,-64.29,0
2026-01-04 12:30:00,22.377,28.307,3.225,30.959,3.302,38.599,50.179,-67.912,0
2026-01-04 12:40:00,21.694,28.371,3.074,31.086,3.623,37.95,51.319,-66.145,0
2026-01-04 12:50:00,22.424,28.279,3.279,30.643,3.486,38.742,50.767,-67.824,0
2026-01-04 13:00:00,21.02,28.249,3.15,30.89,3.138,37.857,51.444,-64.668,0
2026-01-04 13:10:00,21.92,28.116,3.429,30.954,3.12,37.784,54.377,-67.492,0
2026-01-04 13:20:00,22.214,28.352,3.197,30.599,3.419,38.619,55.243,-67.199,0
2026-01-04 13:30:00,22.101,28.294,2.922,31.083,3.279,38.133,51.383,-65.081,0
2026-01-04 13:40:00,22.733,28.224,3.227,30.677,3.304,36.656,51.405,-64.456,0
2026-01-04 13:50:00,22.439,28.318,3.41,30.817,3.52,36.988,50.686,-65.954,0
2026-01-04 14:00:00,22.686,28.263,3.359,31.495,3.455,37.19,55.182,-65.113,0
2026-01-04 14:10:00,21.757,28.27,3.382,31.514,3.567,37.356,54.91,-65.186,0
2026-01-04 14:20:00,22.888,28.363,3.032,30.999,2.914,38.348,52.762,-66.124,0
2026-01-04 14:30:00,23.423,28.21,3.256,31.064,3.351,38.146,50.502,-67.215,0
2026-01-04 14:40:00,21.626,28.403,3.052,31.17,3.44,38.778,50.724,-65.259,0
2026-01-04 14:50:00,21.708,28.209,3.157,31.728,2.998,38.482,53.444,-65.238,0
2026-01-04 15:00:00,23.289,28.27,2.968,31.198,3.176,38.692,54.186,-64.938,0
2026-01-04 15:10:00,22.246,28.479,3.034,31.751,3.143,38.276,49.539,-65.674,0
2026-01-04 15:20:00,23.389,28.417,3.021,31.965,3.32,37.912,52.74,-67.489,0
2026-01-04 15:30:00,22.124,28.336,3.2,31.75,3.648,38.579,56.291,-65.297,0
2026-01-04 15:40:00,23.48,28.255,3.179,32.213,3.734,38.389,53.047,-66.167,0
2026-01-04 15:50:00,22.583,28.289,3.106,31.832,3.174,37.91,56.18,-66.784,0
2026-01-04 16:00:00,22.701,28.339,2.9,31.942,3.451,38.581,54.726,-66.599,0
2026-01-04 16:10:00,23.646,28.338,3.014,31.753,3.468,35.643,51.665,-67.114,0
2026-01-04 16:20:00,22.328,28.329,2.951,32.53,3.444,37.243,53.149,-65.261,0
2026-01-04 16:30:00,21.954,28.335,3.134,31.984,3.458,37.186,53.503,-68.071,0
2026-01-04 16:40:00,22.331,28.322,3.16,32.452,3.452,38.309,52.079,-67.603,0
2026-01-04 16:50:00,22.995,28.225,3.134,32.382,3.743,38.6,52.106,-66.848,0
2026-01-04 17:00:00,21.616,28.3,2.905,32.116,3.64,36.139,56.622,-64.56,0
2026-01-04 17:10:00,23.193,28.415,2.656,32.347,3.223,38.384,52.208,-65.275,0
2026-01-04 17:20:00,22.404,28.234,2.761,33.12,3.61,36.275,55.965,-68.553,0
2026-01-04 17:30:00,23.62,28.329,3.131,32.781,3.647,36.256,53.296,-65.007,0
2026-01-04 17:40:00,21.177,28.279,2.9,32.432,3.549,36.939,54.092,-65.054,0
2026-01-04 17:50:00,22.339,28.355,2.846,32.964,3.731,36.829,55.206,-68.127,0
2026-01-04 18:00:00,21.746,28.315,3.121,32.878,3.562,35.795,53.173,-69.789,0
2026-01-04 18:10:00,22.386,28.465,3.064,34.209,3.584,37.52,55.328,-66.896,0
2026-01-04 18:20:00,23.176,28.388,2.902,33.169,3.589,37.502,50.678,-65.509,0
2026-01-04 18:30:00,22.916,28.243,2.851,33.004,3.183,37.76,55.208,-64.992,0
2026-01-04 18:40:00,22.904,28.403,2.858,33.701,3.593,36.53,50.027,-67.993,0
2026-01-04 18:50:00,23.009,28.287,2.889,32.624,3.498,36.804,54.116,-64.893,0
2026-01-04 19:00:00,23.303,28.303,3.04,33.365,3.418,36.772,56.116,-69.716,0
2026-01-04 19:10:00,22.495,28.375,2.886,34.092,3.967,38.107,55.752,-67.532,0
2026-01-04 19:20:00,23.737,28.311,2.91,33.413,3.805,34.45,52.348,-67.639,0
2026-01-04 19:30:00,23.747,28.421,2.95,32.905,3.724,35.913,52.632,-65.803,0
2026-01-04 19:40:00,23.595,28.288,2.657,33.429,3.643,36.644,53.55,-65.676,0
2026-01-04 19:50:00,23.757,28.3,2.875,34.131,3.841,35.734,55.176,-66.138,0
2026-01-04 20:00:00,23.617,28.297,2.736,33.806,4.007,36.358,51.235,-68.952,0
2026-01-04 20:10:00,24.877,28.304,2.457,33.43,3.671,36.427,54.919,-66.345,0
2026-01-04 20:20:00,23.434,28.437,2.49,33.532,3.863,35.965,55.554,-66.818,0
2026-01-04 20:30:00,23.323,28.399,2.611,33.621,4.065,36.507,54.534,-69.484,0
2026-01-04 20:40:00,23.054,28.485,2.784,33.987,3.533,36.922,56.038,-70.008,0
2026-01-04 20:50:00,22.902,28.53,2.721,34.369,3.937,36.196,55.544,-66.331,0
2026-01-04 21:00:00,22.798,28.265,2.717,34.308,3.892,35.988,54.215,-67.843,0
2026-01-04 21:10:00,23.091,28.353,2.917,34.135,3.98,36.184,51.752,-69.219,0
2026-01-04 21:20:00,34.597,26.042,4.654,33.542,3.936,47.613,79.042,-76.771,1
2026-01-04 21:30:00,33.986,26.592,4.249,33.574,4.093,43.02,81.523,-77.334,1
2026-01-04 21:40:00,34.695,26.349,3.97,34.254,4.48,45.674,84.78,-78.593,1
2026-01-04 21:50:00,33.746,26.097,4.548,33.622,4.061,43.607,84.666,-79.347,1
2026-01-04 22:00:00,35.098,26.049,4.291,34.037,4.214,46.206,79.417,-77.942,1
2026-01-04 22:10:00,34.186,26.774,3.779,34.242,4.584,45.464,81.087,-77.855,1
2026-01-04 22:20:00,32.859,26.266,4.528,33.755,4.105,44.542,75.911,-79.395,1
2026-01-04 22:30:00,33.108,26.292,4.613,33.81,4.608,47.083,80.707,-76.586,1
2026-01-04 22:40:00,31.971,26.252,4.304,34.147,4.276,44.245,76.181,-80.243,1
2026-01-04 22:50:00,24.288,28.562,2.561,34.366,4.662,35.016,55.58,-69.531,0
2026-01-04 23:00:00,23.187,28.299,2.678,34.567,4.485,35.419,57.942,-67.838,0
2026-01-04 23:10:00,24.197,28.34,2.537,34.412,4.426,36.958,54.798,-69.872,0
2026-01-04 23:20:00,24.472,28.229,2.529,34.226,4.381,37.12,55.376,-68.41,0
2026-01-04 23:30:00,23.703,28.467,2.453,33.937,4.298,34.987,57.757,-69.777,0
2026-01-04 23:40:00,24.509,28.419,2.527,33.818,4.467,35.514,55.725,-69.766,0
2026-01-04 23:50:00,23.401,28.351,2.541,34.007,4.66,35.796,53.934,-66.499,0
2026-01-05 00:00:00,25.398,28.218,2.399,34.318,4.506,36.302,60.561,-68.452,0
2026-01-05 00:10:00,25.38,28.341,2.469,34.28,4.474,34.404,54.065,-68.323,0
2026-01-05 00:20:00,24.372,28.232,2.402,33.411,4.514,34.508,55.927,-71.035,0
2026-01-05 00:30:00,24.846,28.437,2.742,33.852,4.79,36.161,56.704,-69.386,0
2026-01-05 00:40:00,22.947,28.383,2.447,34.527,4.864,34.19,56.597,-68.165,0
2026-01-05 00:50:00,23.866,28.323,2.635,34.109,4.512,35.372,55.809,-68.534,0
2026-01-05 01:00:00,24.512,28.119,2.418,33.559,4.537,35.841,55.853,-71.4,0
2026-01-05 01:10:00,24.008,28.233,2.465,34.85,4.772,36.026,55.796,-68.615,0
2026-01-05 01:20:00,25.3,28.364,2.268,33.983,5.026,35.563,54.244,-68.471,0
2026-01-05 01:30:00,26.238,28.404,2.366,34.093,4.974,35.367,60.155,-67.418,0
2026-01-05 01:40:00,24.057,28.393,2.438,34.062,4.518,36.32,55.921,-69.792,0
2026-01-05 01:50:00,24.334,28.174,2.597,33.754,4.739,35.857,57.422,-71.743,0
2026-01-05 02:00:00,25.124,28.323,2.427,33.586,4.628,35.098,55.776,-70.296,0
2026-01-05 02:10:00,26.126,28.378,2.561,34.539,4.782,35.632,55.77,-70.462,0
2026-01-05 02:20:00,24.181,28.161,2.466,34.101,5.177,35.896,55.618,-68.308,0
2026-01-05 02:30:00,25.248,28.29,2.58,33.989,4.592,36.952,53.676,-72.498,0
2026-01-05 02:40:00,26.386,28.31,2.372,33.852,4.572,36.196,56.204,-69.821,0
2026-01-05 02:50:00,23.992,28.261,2.662,33.246,4.749,36.529,55.788,-67.617,0
2026-01-05 03:00:00,24.287,28.134,2.313,33.989,4.99,35.059,58.656,-69.364,0
2026-01-05 03:10:00,24.923,28.253,2.275,33.19,5.073,35.12,54.419,-68.341,0
2026-01-05 03:20:00,24.89,28.25,2.219,33.526,5.053,35.343,55.559,-71.431,0
2026-01-05 03:30:00,25.858,28.261,2.641,32.792,5.216,35.41,55.005,-71.427,0
2026-01-05 03:40:00,25.492,28.225,2.457,32.589,4.643,34.712,59.242,-67.823,0
2026-01-05 03:50:00,24.113,28.232,2.316,33.351,5.247,36.526,55.103,-69.468,0
2026-01-05 04:00:00,25.749,28.261,2.504,32.89,4.959,36.216,57.702,-69.508,0
2026-01-05 04:10:00,25.015,28.296,2.435,32.41,5.18,35.261,58.458,-71.016,0
2026-01-05 04:20:00,26.343,28.233,2.587,33.227,4.78,36.017,56.469,-69.594,0
2026-01-05 04:30:00,25.041,28.221,2.165,33.71,5.055,35.68,54.273,-71.131,0
2026-01-05 04:40:00,25.065,28.258,2.318,33.383,5.11,36.076,54.315,-68.372,0
2026-01-05 04:50:00,25.918,28.093,2.295,32.734,5.302,34.425,58.337,-66.563,0
2026-01-05 05:00:00,26.101,28.281,2.113,32.754,4.761,35.384,54.538,-69.294,0
2026-01-05 05:10:00,25.908,28.239,2.478,32.987,5.09,35.456,57.529,-70.676,0
2026-01-05 05:20:00,24.441,28.239,2.319,32.994,4.872,36.003,57.045,-72.993,0
2026-01-05 05:30:00,26.023,28.309,2.442,32.405,5.195,35.005,57.534,-72.011,0
2026-01-05 05:40:00,24.947,28.072,2.638,32.461,5.252,33.511,57.718,-68.161,0
2026-01-05 05:50:00,25.86,28.067,2.315,32.477,5.356,34.651,55.203,-71.299,0
2026-01-05 06:00:00,24.722,28.243,2.309,32.488,4.993,35.473,55.14,-70.545,0
2026-01-05 06:10:00,26.053,28.216,2.377,32.169,5.285,35.579,58.195,-69.349,0
2026-01-05 06:20:00,25.197,28.226,2.484,32.096,5.371,36.882,55.787,-68.391,0
2026-01-05 06:30:00,24.885,28.172,2.301,32.542,4.768,36.009,51.981,-70.444,0
2026-01-05 06:40:00,26.302,28.258,2.297,32.404,5.217,35.617,58.109,-70.723,0
2026-01-05 06:50:00,25.99,28.275,2.504,32.069,5.282,35.536,55.085,-70.185,0
2026-01-05 07:00:00,25.409,28.235,2.427,32.425,5.034,36.455,57.799,-71.056,0
2026-01-05 07:10:00,26.872,28.172,2.141,31.61,4.838,35.111,59.473,-71.023,0
2026-01-05 07:20:00,25.564,28.02,2.245,32.236,5.261,35.483,57.003,-69.872,0
2026-01-05 07:30:00,25.91,28.245,2.578,31.78,4.825,34.737,58.771,-70.174,0
2026-01-05 07:40:00,26.09,28.277,2.452,32.658,5.021,36.757,57.261,-67.868,0
2026-01-05 07:50:00,25.481,28.227,2.318,31.019,5.039,35.95,59.846,-69.928,0
2026-01-05 08:00:00,26.257,28.101,2.396,31.12,5.179,35.085,55.081,-69.102,0
2026-01-05 08:10:00,25.565,28.221,2.425,31.433,4.899,35.576,56.981,-71.797,0
2026-01-05 08:20:00,25.661,28.231,2.519,31.352,4.875,36.092,58.21,-69.908,0
2026-01-05 08:30:00,26.912,28.282,2.275,31.822,5.018,35.501,56.657,-71.432,0
2026-01-05 08:40:00,25.239,28.083,2.345,30.834,5.185,35.292,59.074,-70.116,0
2026-01-05 08:50:00,24.286,28.131,2.486,31.314,5.426,35.216,56.222,-69.789,0
2026-01-05 09:00:00,27.109,28.204,2.45,31.335,4.651,36.03,60.724,-70.579,0
2026-01-05 09:10:00,27.771,28.144,2.539,31.107,4.999,35.493,60.817,-67.774,0
2026-01-05 09:20:00,25.708,28.046,2.332,30.457,4.701,35.437,57.502,-68.972,0
2026-01-05 09:30:00,24.639,28.164,2.532,31.222,5.104,34.754,57.986,-69.294,0
2026-01-05 09:40:00,25.78,28.172,2.629,31.096,4.693,35.907,59.132,-69.811,0
2026-01-05 09:50:00,25.799,28.128,2.566,30.814,4.726,35.724,54.846,-68.633,0
2026-01-05 10:00:00,25.867,28.134,2.534,30.616,4.722,35.635,54.615,-72.493,0
2026-01-05 10:10:00,25.22,28.091,2.516,30.565,4.803,36.076,59.232,-69.143,0
2026-01-05 10:20:00,26.404,28.225,2.438,30.403,4.861,36.541,57.457,-71.995,0
2026-01-05 10:30:00,26.363,28.03,2.54,30.6,4.87,36.53,56.548,-71.5,0
2026-01-05 10:40:00,24.947,28.05,2.711,30.335,4.749,36.438,56.967,-70.166,0
2026-01-05 10:50:00,26.478,28.093,2.556,29.977,4.46,35.831,52.642,-69.375,0
2026-01-05 11:00:00,27.42,28.158,2.475,29.86,4.847,35.598,56.584,-72.254,0
2026-01-05 11:10:00,26.097,27.963,2.534,29.918,4.666,35.245,55.561,-71.499,0
2026-01-05 11:20:00,25.734,27.973,2.629,30.216,4.883,35.635,58.557,-70.78,0
2026-01-05 11:30:00,25.862,27.91,2.571,30.088,4.483,36.156,58.683,-71.134,0
2026-01-05 11:40:00,26.383,28.071,2.686,30.135,4.277,35.542,57.916,-69.897,0
2026-01-05 11:50:00,24.731,27.974,2.703,30.199,4.564,36.279,57.576,-66.81,0
2026-01-05 12:00:00,26.046,28.028,2.759,29.771,4.802,35.461,54.154,-70.44,0
2026-01-05 12:10:00,25.646,28.106,2.835,30.473,4.547,34.937,57.897,-71.834,0
2026-01-05 12:20:00,27.2,27.997,2.796,29.838,4.447,36.955,57.95,-72.516,0
2026-01-05 12:30:00,25.77,28.062,2.577,29.754,4.284,35.953,59.042,-71.359,0
2026-01-05 12:40:00,27.045,28.015,2.593,30.052,4.781,35.697,60.595,-72.103,0
2026-01-05 12:50:00,25.089,28.087,2.705,29.221,4.194,35.527,53.717,-70.42,0
2026-01-05 13:00:00,26.256,28.067,2.672,29.569,4.226,36.775,56.045,-70.444,0
2026-01-05 13:10:00,26.051,27.968,2.603,30.175,4.455,37.573,55.388,-71.546,0
2026-01-05 13:20:00,25.201,28.005,2.699,29.211,3.941,36.186,57.014,-68.612,0
2026-01-05 13:30:00,25.914,28.097,2.708,30.202,4.537,36.373,56.706,-71.879,0
2026-01-05 13:40:00,26.618,28.04,2.697,30.333,4.377,37.44,56.238,-71.142,0
2026-01-05 13:50:00,25.521,27.892,2.753,29.671,4.402,35.172,58.486,-70.233,0
2026-01-05 14:00:00,24.542,28.051,2.945,29.902,4.304,38.232,54.63,-69.93,0
2026-01-05 14:10:00,25.691,27.907,2.84,30.194,4.13,38.652,54.715,-69.466,0
2026-01-05 14:20:00,25.048,28.102,3.126,29.644,3.919,34.571,54.72,-70.484,0
2026-01-05 14:30:00,25.415,28.066,2.862,30.119,4.074,36.698,55.889,-69.734,0
2026-01-05 14:40:00,25.573,28.002,2.82,29.591,3.877,36.24,54.299,-71.791,0
2026-01-05 14:50:00,24.41,27.986,2.868,29.672,4.14,36.644,56.396,-69.887,0
2026-01-05 15:00:00,24.446,27.952,2.911,29.575,4.175,36.562,56.158,-69.898,0
2026-01-05 15:10:00,25.886,28.018,2.945,29.994,4.28,37.587,55.011,-69.163,0
2026-01-05 15:20:00,25.154,27.929,3.154,30.3,4.03,36.888,57.97,-72.974,0
2026-01-05 15:30:00,23.696,27.973,2.816,29.855,4.111,36.291,56.26,-72.053,0
2026-01-05 15:40:00,26.01,28.019,3.033,29.501,3.839,36.924,58.249,-69.968,0
2026-01-05 15:50:00,25.621,27.899,2.967,29.597,3.774,37.516,55.954,-74.129,0
2026-01-05 16:00:00,24.899,27.89,2.766,30.146,3.937,36.2,56.229,-70.347,0
2026-01-05 16:10:00,24.445,27.839,3.059,30.688,3.738,35.873,55.227,-69.655,0
2026-01-05 16:20:00,25.919,27.844,3.13,30.217,3.842,38.827,56.194,-71.607,0
2026-01-05 16:30:00,25.545,27.778,2.887,29.984,3.549,36.762,57.455,-71.42,0
2026-01-05 16:40:00,26.934,27.978,3.001,30.429,3.559,37.21,55.397,-72.179,0
2026-01-05 16:50:00,25.526,28.059,2.806,30.121,3.837,37.046,57.036,-71.503,0
2026-01-05 17:00:00,25.468,28.024,2.873,30.119,3.863,37.846,54.603,-71.453,0
2026-01-05 17:10:00,25.044,27.775,3.161,29.965,3.464,38.87,57.396,-71.666,0
2026-01-05 17:20:00,25.696,27.958,2.99,30.844,3.771,37.961,54.949,-71.716,0
2026-01-05 17:30:00,25.525,28.009,2.924,29.516,3.508,36.327,57.488,-71.139,0
2026-01-05 17:40:00,25.926,27.854,3.095,30.739,3.595,36.479,56.026,-71.136,0
2026-01-05 17:50:00,24.646,27.894,3.015,30.354,3.853,37.312,58.614,-68.528,0
2026-01-05 18:00:00,24.668,27.72,3.031,30.432,3.71,37.461,53.76,-71.231,0
2026-01-05 18:10:00,24.598,27.898,3.186,31.229,3.688,36.343,53.14,-70.325,0
2026-01-05 18:20:00,25.448,27.787,2.967,30.449,3.891,38.422,54.646,-71.409,0
2026-01-05 18:30:00,25.903,27.883,3.008,30.525,3.349,36.942,53.222,-71.403,0
2026-01-05 18:40:00,24.493,27.738,3.144,30.783,3.275,39.052,53.183,-72.718,0
2026-01-05 18:50:00,24.476,27.901,3.25,31.041,3.31,39.359,56.748,-72.536,0
2026-01-05 19:00:00,24.952,27.935,3.291,30.81,3.388,37.749,55.578,-72.075,0
2026-01-05 19:10:00,24.518,27.786,3.071,30.484,2.952,38.344,54.679,-70.381,0
2026-01-05 19:20:00,25.315,27.753,3.271,30.803,3.367,37.053,54.801,-69.285,0
2026-01-05 19:30:00,23.03,27.667,3.072,31.627,3.285,38.583,54.378,-72.695,0
2026-01-05 19:40:00,23.985,27.814,3.393,31.278,3.538,37.731,58.378,-71.183,0
2026-01-05 19:50:00,23.973,27.785,3.044,31.484,3.44,37.305,54.037,-72.137,0
2026-01-05 20:00:00,22.854,27.703,3.347,31.31,3.238,37.989,52.935,-70.786,0
2026-01-05 20:10:00,23.76,27.859,3.115,31.246,3.466,37.893,56.701,-69.149,0
2026-01-05 20:20:00,23.751,27.782,3.441,32.141,3.484,38.05,54.832,-70.947,0
2026-01-05 20:30:00,24.207,27.728,3.276,31.565,3.177,39.115,58.842,-70.437,0
2026-01-05 20:40:00,25.083,27.765,3.089,31.554,3.225,37.772,54.176,-68.603,0
2026-01-05 20:50:00,24.088,27.891,3.153,32.171,2.872,39.833,56.597,-69.769,0
2026-01-05 21:00:00,23.494,27.85,3.314,31.612,3.094,37.43,56.973,-71.198,0
2026-01-05 21:10:00,24.131,27.787,3.351,31.736,3.159,39.827,54.037,-70.063,0
2026-01-05 21:20:00,24.861,27.843,3.221,32.026,3.319,37.766,53.587,-71.213,0
2026-01-05 21:30:00,23.399,27.696,3.238,32.101,3.113,38.622,56.208,-69.681,0
2026-01-05 21:40:00,23.401,27.788,3.327,32.27,3.198,38.275,55.857,-69.533,0
2026-01-05 21:50:00,24.385,27.793,3.255,32.989,3.055,38.436,52.231,-71.757,0
2026-01-05 22:00:00,23.794,27.74,3.087,32.453,3.335,39.395,52.687,-69.87,0
2026-01-05 22:10:00,24.358,27.808,3.146,31.58,3.387,39.997,50.1,-70.185,0
2026-01-05 22:20:00,23.851,27.707,3.274,32.604,3.385,39.793,55.684,-69.354,0
2026-01-05 22:30:00,24.307,27.807,3.393,32.579,3.311,38.559,54.088,-68.972,0
2026-01-05 22:40:00,23.047,27.806,3.443,32.657,3.005,39.073,54.213,-69.359,0
2026-01-05 22:50:00,23.719,27.525,3.343,32.802,3.195,38.342,51.406,-70.257,0
2026-01-05 23:00:00,23.536,27.85,3.284,32.78,3.244,38.216,52.42,-68.734,0
2026-01-05 23:10:00,22.789,27.508,3.34,32.844,3.252,38.133,53.481,-70.863,0
2026-01-05 23:20:00,22.502,27.699,3.17,33.149,3.356,38.741,53.076,-71.359,0
2026-01-05 23:30:00,24.033,27.827,3.231,32.815,3.636,39.332,54.442,-73.569,0
2026-01-05 23:40:00,23.264,27.716,3.149,32.743,3.524,37.643,55.224,-69.777,0
2026-01-05 23:50:00,22.751,27.621,3.097,34.2,3.175,39.175,58.203,-70.638,0
2026-01-06 00:00:00,23.357,27.647,3.285,32.958,3.521,40.465,54.025,-69.132,0
2026-01-06 00:10:00,24.171,27.813,3.265,33.308,3.526,40.189,56.011,-71.933,0
2026-01-06 00:20:00,21.743,27.574,3.323,32.813,3.251,38.862,52.452,-70.301,0
2026-01-06 00:30:00,22.25,27.815,3.303,33.439,3.597,38.251,50.873,-68.917,0
2026-01-06 00:40:00,22.61,27.718,3.263,33.131,3.411,39.774,53.196,-70.673,0
2026-01-06 00:50:00,24.238,27.624,3.297,33.361,3.178,37.589,50.896,-68.902,0
2026-01-06 01:00:00,23.372,27.669,3.222,33.938,3.568,40.368,53.74,-70.017,0
2026-01-06 01:10:00,23.672,27.632,3.272,33.791,3.539,39.346,52.25,-69.343,0
2026-01-06 01:20:00,22.296,27.78,3.131,33.877,3.469,41.017,50.078,-68.545,0
2026-01-06 01:30:00,22.271,27.766,3.257,33.107,3.527,38.206,56.661,-68.07,0
2026-01-06 01:40:00,23.33,27.567,3.288,34.418,3.411,40.357,52.509,-69.056,0
2026-01-06 01:50:00,23.019,27.67,3.122,33.403,3.698,39.577,50.469,-70.098,0
2026-01-06 02:00:00,23.324,27.63,3.202,34.398,3.589,39.426,54.973,-69.624,0
2026-01-06 02:10:00,22.771,27.8,3.115,34.261,3.654,38.628,51.985,-68.264,0
2026-01-06 02:20:00,23.06,27.587,3.12,34.144,3.715,40.233,55.198,-70.206,0
2026-01-06 02:30:00,22.94,27.82,3.042,33.678,3.437,40.33,51.855,-69.147,0
2026-01-06 02:40:00,23.338,27.687,3.321,34.064,3.513,41.248,52.141,-69.349,0
2026-01-06 02:50:00,23.323,27.595,3.29,33.877,3.275,40.657,53.674,-68.962,0
2026-01-06 03:00:00,21.59,27.631,3.219,34.079,3.856,39.406,54.06,-70.001,0
2026-01-06 03:10:00,21.117,27.619,3.383,34.007,3.527,39.108,54.314,-70.964,0
2026-01-06 03:20:00,23.358,27.579,3.115,33.404,3.822,38.845,52.708,-68.068,0
2026-01-06 03:30:00,23.455,27.687,3.493,34.53,3.897,41.147,53.759,-67.487,0
2026-01-06 03:40:00,21.878,27.579,3.093,34.126,3.97,39.373,54.088,-70.746,0
2026-01-06 03:50:00,21.259,27.501,3.141,33.999,3.637,41.207,53.045,-68.103,0
2026-01-06 04:00:00,22.6,27.643,3.054,33.985,3.893,40.469,52.365,-67.197,0
2026-01-06 04:10:00,23.152,27.527,3.136,34.315,4.269,40.339,49.959,-67.732,0
2026-01-06 04:20:00,23.73,27.61,3.182,33.883,4.306,39.854,53.577,-68.898,0
2026-01-06 04:30:00,22.805,27.595,3.058,33.41,4.19,40.653,52.512,-69.481,0
2026-01-06 04:40:00,22.156,27.597,3.275,34.342,4.089,40.136,51.629,-68.201,0
2026-01-06 04:50:00,21.764,27.825,3.079,34.379,3.85,39.875,54.611,-67.951,0
2026-01-06 05:00:00,22.371,27.668,3.072,34.123,4.225,40.75,49.679,-68.084,0
2026-01-06 05:10:00,22.128,27.682,2.92,33.783,4.079,40.099,55.146,-68.365,0
2026-01-06 05:20:00,21.603,27.519,3.068,34.205,4.253,39.597,52.084,-69.398,0
2026-01-06 05:30:00,23.724,27.608,2.99,33.648,4.044,40.735,52.633,-67.542,0
2026-01-06 05:40:00,23.517,27.676,2.922,33.785,4.166,40.223,51.288,-67.434,0
2026-01-06 05:50:00,23.041,27.576,2.89,33.863,4.263,40.684,48.936,-67.708,0
2026-01-06 06:00:00,21.58,27.729,3.292,34.399,4.31,39.948,51.623,-67.766,0
2026-01-06 06:10:00,22.803,27.56,2.928,33.953,4.389,39.36,52.414,-65.834,0
2026-01-06 06:20:00,22.633,27.632,2.773,33.896,4.204,41.732,52.966,-68.549,0
2026-01-06 06:30:00,22.477,27.607,2.852,34.707,4.081,41.597,51.33,-66.212,0
2026-01-06 06:40:00,23.025,27.666,2.917,34.114,4.704,41.081,47.678,-68.58,0
2026-01-06 06:50:00,22.578,27.601,2.976,34.075,4.906,40.077,48.787,-66.319,0
2026-01-06 07:00:00,22.636,27.63,2.965,33.79,4.527,40.161,55.193,-66.12,0
2026-01-06 07:10:00,22.549,27.633,2.967,33.671,4.202,41.519,49.471,-67.902,0
2026-01-06 07:20:00,22.328,27.592,2.795,33.072,4.34,40.142,53.944,-65.508,0
2026-01-06 07:30:00,20.829,27.69,2.901,34.132,4.625,39.929,49.632,-66.889,0
2026-01-06 07:40:00,22.124,27.67,2.742,33.903,4.819,41.943,50.923,-68.456,0
2026-01-06 07:50:00,21.665,27.643,2.76,33.635,4.336,40.416,52.315,-67.803,0
2026-01-06 08:00:00,21.149,27.616,2.712,33.599,4.581,41.877,49.652,-65.946,0
2026-01-06 08:10:00,23.213,27.714,2.666,33.851,4.671,39.351,53.933,-66.149,0
2026-01-06 08:20:00,23.238,27.631,2.924,32.994,4.831,40.891,51.142,-68.478,0
2026-01-06 08:30:00,22.973,27.626,2.866,33.275,4.615,42.139,51.774,-67.328,0
2026-01-06 08:40:00,22.194,27.659,2.888,33.024,4.396,40.511,50.402,-66.868,0
2026-01-06 08:50:00,22.956,27.786,2.762,33.981,4.857,40.28,52.008,-67.674,0
2026-01-06 09:00:00,22.015,27.543,2.838,33.605,4.982,39.561,53.604,-64.188,0
2026-01-06 09:10:00,22.145,27.713,2.521,32.464,4.764,41.363,50.465,-66.69,0
2026-01-06 09:20:00,21.236,27.5,2.823,32.639,4.884,39.883,53.755,-66.998,0
2026-01-06 09:30:00,22.278,27.669,2.728,33.055,4.73,40.424,49.48,-65.448,0
2026-01-06 09:40:00,22.042,27.778,2.769,32.867,4.677,39.512,51.897,-67.269,0
2026-01-06 09:50:00,21.089,27.692,2.727,32.499,5.072,41.745,51.342,-65.576,0
2026-01-06 10:00:00,21.967,27.667,2.551,33.572,4.964,41.421,48.479,-68.741,0
2026-01-06 10:10:00,21.95,27.61,2.477,32.928,5.003,40.47,50.728,-67.239,0
2026-01-06 10:20:00,23.268,27.658,2.56,32.912,5.224,39.568,50.298,-65.391,0
2026-01-06 10:30:00,22.641,27.636,2.701,32.429,4.73,41.716,48.69,-64.721,0
2026-01-06 10:40:00,22.029,27.594,2.704,32.849,4.847,40.19,50.812,-67.489,0
2026-01-06 10:50:00,30.997,25.94,4.191,32.387,5.005,47.943,69.899,-75.573,1
2026-01-06 11:00:00,34.672,25.749,4.341,32.344,4.875,49.947,69.561,-76.373,1
2026-01-06 11:10:00,34.935,26.233,4.013,32.58,5.159,49.107,74.643,-74.361,1
2026-01-06 11:20:00,32.065,25.494,4.488,31.718,4.978,48.524,74.182,-77.234,1
2026-01-06 11:30:00,33.507,26.025,3.79,32.769,4.829,49.145,75.958,-73.092,1
2026-01-06 11:40:00,26.929,25.413,3.725,32.196,5.052,51.035,75.136,-76.383,1
2026-01-06 11:50:00,30.921,25.414,4.214,32.502,5.083,49.701,75.355,-79.965,1
2026-01-06 12:00:00,34.113,25.805,4.29,31.599,5.246,50.141,75.758,-78.126,1
2026-01-06 12:10:00,33.777,25.616,4.248,31.573,5.146,49.559,72.088,-73.703,1
2026-01-06 12:20:00,20.882,27.678,2.498,31.411,5.167,40.441,48.549,-68.38,0
2026-01-06 12:30:00,22.063,27.704,2.629,31.827,5.145,41.912,48.637,-66.462,0
2026-01-06 12:40:00,22.863,27.699,2.336,31.685,5.049,40.082,53.166,-67.737,0
2026-01-06 12:50:00,22.925,27.669,2.459,31.422,4.948,40.653,47.063,-64.061,0
2026-01-06 13:00:00,22.921,27.636,2.597,31.153,5.153,39.077,50.152,-63.393,0
2026-01-06 13:10:00,22.25,27.857,2.415,30.988,5.031,41.528,49.78,-67.224,0
2026-01-06 13:20:00,21.652,27.646,2.388,31.339,5.437,39.913,49.88,-65.61,0
2026-01-06 13:30:00,21.507,27.631,2.589,31.118,5.368,41.117,51.453,-67.035,0
2026-01-06 13:40:00,22.529,27.721,2.404,30.968,5.226,40.158,51.364,-66.218,0
2026-01-06 13:50:00,22.577,27.709,2.566,31.676,5.174,40.726,48.313,-63.649,0
2026-01-06 14:00:00,23.237,27.579,2.478,31.034,5.078,40.753,49.423,-66.339,0
2026-01-06 14:10:00,23.131,27.783,2.378,31.437,4.84,39.833,45.668,-66.089,0
2026-01-06 14:20:00,22.294,27.689,2.47,30.737,5.045,41.046,49.152,-66.844,0
2026-01-06 14:30:00,21.542,27.61,2.445,30.941,5.103,39.543,47.494,-64.305,0
2026-01-06 14:40:00,22.217,27.796,2.523,30.77,5.122,40.749,48.539,-69.565,0
2026-01-06 14:50:00,22.621,27.754,2.329,30.13,5.163,39.79,45.792,-66.15,0
2026-01-06 15:00:00,22.357,27.605,2.394,31.161,5.245,40.357,49.507,-65.644,0
2026-01-06 15:10:00,22.123,27.851,2.376,30.552,4.913,39.682,45.677,-66.353,0
2026-01-06 15:20:00,22.735,27.765,2.464,30.801,4.905,40.065,48.95,-64.494,0
2026-01-06 15:30:00,22.237,27.714,2.252,30.219,5.32,39.139,46.429,-64.06,0
2026-01-06 15:40:00,22.182,27.845,2.493,30.369,5.172,40.169,47.062,-67.17,0
2026-01-06 15:50:00,22.872,27.734,2.423,30.069,4.927,39.978,50.624,-62.936,0
2026-01-06 16:00:00,22.406,27.722,2.206,30.753,4.97,39.481,49.559,-67.13,0
2026-01-06 16:10:00,22.892,27.674,2.506,30.38,4.956,39.84,50.525,-63.851,0
2026-01-06 16:20:00,22.946,27.777,2.626,30.352,4.967,39.961,51.22,-65.193,0
2026-01-06 16:30:00,21.993,27.771,2.476,30.654,5.039,39.33,46.978,-65.953,0
2026-01-06 16:40:00,22.489,27.738,2.525,30.54,5.434,39.688,51.025,-65.817,0
2026-01-06 16:50:00,23.869,27.677,2.363,30.363,4.947,38.955,45.646,-65.344,0
2026-01-06 17:00:00,22.086,27.754,2.152,29.559,5.023,41.603,49.586,-65.032,0
2026-01-06 17:10:00,21.455,27.741,2.129,29.778,4.533,40.541,47.314,-66.366,0
2026-01-06 17:20:00,21.671,27.643,2.381,29.637,4.753,39.878,46.487,-65.522,0
2026-01-06 17:30:00,23.033,27.636,2.279,30.212,5.075,40.563,49.228,-66.147,0
2026-01-06 17:40:00,23.073,27.802,2.241,29.989,4.888,38.008,49.784,-66.662,0
2026-01-06 17:50:00,23.009,27.553,2.343,29.418,3.907,37.509,49.692,-66.167,0
2026-01-06 18:00:00,23.981,27.781,2.426,29.816,4.897,39.2,48.393,-66.549,0
2026-01-06 18:10:00,21.3,27.73,2.179,29.339,5.122,38.381,48.206,-65.657,0
2026-01-06 18:20:00,23.489,27.877,2.301,29.826,4.315,39.257,48.881,-64.618,0
2026-01-06 18:30:00,24.346,27.736,2.539,29.251,4.993,39.574,48.443,-64.978,0
2026-01-06 18:40:00,22.505,27.833,2.231,30.004,4.109,40.108,48.835,-62.74,0
2026-01-06 18:50:00,23.07,27.752,2.467,29.942,4.825,38.423,48.193,-67.749,0
2026-01-06 19:00:00,22.851,27.797,2.308,30.472,4.609,39.614,49.309,-64.521,0
2026-01-06 19:10:00,22.794,27.851,2.435,30.097,4.114,39.267,44.83,-65.065,0
2026-01-06 19:20:00,23.235,27.759,2.505,29.652,4.646,39.494,47.49,-64.083,0
2026-01-06 19:30:00,24.505,27.879,2.467,30.089,4.759,38.76,45.203,-64.193,0
2026-01-06 19:40:00,24.835,27.724,2.491,29.318,4.574,40.242,48.16,-65.241,0
2026-01-06 19:50:00,23.357,27.832,2.249,29.479,4.59,39.012,50.587,-64.828,0
2026-01-06 20:00:00,24.97,27.886,2.526,29.943,4.361,40.473,46.748,-65.921,0
2026-01-06 20:10:00,23.705,27.869,2.296,29.084,4.043,38.38,47.801,-64.285,0
2026-01-06 20:20:00,24.952,27.974,2.435,29.843,4.524,39.565,48.905,-67.271,0
2026-01-06 20:30:00,23.703,27.764,2.441,29.518,4.706,38.881,43.794,-64.079,0
2026-01-06 20:40:00,23.904,27.719,2.475,29.932,4.552,38.624,46.548,-65.035,0
2026-01-06 20:50:00,24.112,27.754,2.464,29.544,3.899,39.35,48.118,-65.589,0
2026-01-06 21:00:00,26.126,27.891,2.33,30.097,3.964,38.562,42.221,-65.281,0
2026-01-06 21:10:00,24.541,27.882,2.277,29.985,4.068,36.628,45.652,-65.192,0
2026-01-06 21:20:00,23.495,27.855,2.551,30.5,3.888,36.264,49.368,-63.443,0
2026-01-06 21:30:00,24.713,27.762,2.477,30.047,4.186,39.689,49.168,-61.12,0
2026-01-06 21:40:00,23.825,27.918,2.601,29.813,4.226,39.611,48.013,-63.537,0
2026-01-06 21:50:00,23.78,27.763,2.466,30.035,3.831,40.093,48.905,-65.682,0
2026-01-06 22:00:00,24.803,27.958,2.312,29.693,4.243,38.524,47.683,-64.25,0
2026-01-06 22:10:00,24.233,28.099,2.605,30.351,4.178,37.46,48.275,-64.201,0
2026-01-06 22:20:00,24.451,27.904,2.455,30.462,3.918,38.114,46.687,-66.124,0
2026-01-06 22:30:00,24.31,27.926,2.55,31.168,3.964,38.414,47.444,-66.532,0
2026-01-06 22:40:00,24.579,27.845,2.441,30.138,3.58,37.554,46.079,-65.101,0
2026-01-06 22:50:00,24.685,27.744,2.726,30.315,3.874,39.633,49.473,-64.063,0
2026-01-06 23:00:00,23.075,27.845,2.434,30.262,3.914,40.061,49.921,-66.974,0
2026-01-06 23:10:00,24.941,27.811,2.509,30.595,3.918,38.607,49.649,-65.913,0
2026-01-06 23:20:00,23.83,27.787,2.573,30.714,3.932,38.17,46.415,-64.37,0
2026-01-06 23:30:00,23.55,28.046,2.44,30.622,3.877,37.098,45.418,-65.018,0
2026-01-06 23:40:00,24.562,27.935,2.622,31.084,3.748,39.325,49.42,-63.379,0
2026-01-06 23:50:00,24.704,27.948,2.787,30.552,3.832,38.104,48.087,-66.784,0
2026-01-07 00:00:00,24.201,27.898,2.547,31.179,3.949,37.766,47.687,-62.28,0
2026-01-07 00:10:00,25.31,27.913,2.665,31.089,3.704,38.337,45.943,-66.962,0
2026-01-07 00:20:00,23.83,28.009,2.299,30.966,3.761,37.438,47.839,-67.566,0
2026-01-07 00:30:00,24.525,27.935,2.636,30.93,3.636,37.978,45.109,-65.216,0
2026-01-07 00:40:00,24.441,27.984,2.615,31.96,3.52,36.662,48.194,-66.523,0
2026-01-07 00:50:00,24.858,27.931,2.567,30.898,3.73,38.64,49.526,-65.224,0
2026-01-07 01:00:00,25.125,27.925,2.807,31.361,3.492,37.641,49.972,-65.284,0
2026-01-07 01:10:00,24.264,27.844,2.651,31.069,3.658,38.607,48.305,-65.448,0
2026-01-07 01:20:00,25.515,27.804,2.681,32.032,3.565,37.474,44.535,-66.243,0
2026-01-07 01:30:00,25.09,27.946,2.67,31.793,3.478,37.481,47.372,-64.733,0
2026-01-07 01:40:00,23.759,27.976,2.498,31.322,3.453,36.575,50.864,-65.653,0
2026-01-07 01:50:00,23.75,27.874,2.605,31.816,3.398,38.108,45.445,-63.969,0
2026-01-07 02:00:00,25.149,27.979,2.869,31.805,3.152,36.755,46.899,-65.532,0
2026-01-07 02:10:00,25.039,27.991,2.513,31.612,3.54,37.023,49.547,-66.496,0
2026-01-07 02:20:00,25.156,27.819,2.687,32.136,3.493,37.369,48.112,-67.387,0
2026-01-07 02:30:00,25.244,27.924,2.744,32.086,3.6,37.421,51.464,-65.592,0
2026-01-07 02:40:00,25.455,28.034,3.014,32.103,3.309,35.915,45.681,-66.934,0
2026-01-07 02:50:00,25.994,28.038,2.91,32.092,3.78,37.052,45.219,-67.056,0
2026-01-07 03:00:00,24.586,27.919,2.763,32.336,3.312,37.83,49.206,-64.83,0
2026-01-07 03:10:00,24.576,28.029,3.0,32.343,3.2,36.848,44.852,-67.623,0
2026-01-07 03:20:00,24.662,28.104,2.767,32.361,3.165,36.928,46.653,-63.823,0
2026-01-07 03:30:00,25.661,28.089,2.99,32.194,3.006,37.196,46.893,-65.354,0
2026-01-07 03:40:00,26.36,28.024,2.718,33.088,3.65,36.923,48.881,-65.628,0
2026-01-07 03:50:00,25.216,27.999,3.023,32.204,3.609,36.158,48.127,-66.847,0
2026-01-07 04:00:00,23.795,27.991,2.858,32.796,3.447,36.912,47.85,-64.718,0
2026-01-07 04:10:00,24.381,28.084,2.795,32.609,3.141,37.695,46.31,-65.67,0
2026-01-07 04:20:00,25.018,28.067,2.905,33.411,3.677,36.018,49.229,-66.521,0
2026-01-07 04:30:00,25.237,28.107,2.977,32.552,3.239,36.519,54.297,-65.491,0
2026-01-07 04:40:00,25.367,28.072,2.896,32.682,3.252,35.674,48.304,-67.783,0
2026-01-07 04:50:00,25.704,28.132,3.034,32.67,3.59,37.493,47.249,-67.76,0
2026-01-07 05:00:00,25.483,28.079,2.909,33.192,3.433,36.627,44.744,-67.176,0
2026-01-07 05:10:00,26.459,28.139,3.066,32.666,3.74,35.982,45.944,-65.447,0
2026-01-07 05:20:00,25.273,28.151,3.056,33.046,3.35,36.698,46.719,-65.906,0
2026-01-07 05:30:00,25.164,28.022,3.007,32.525,3.222,35.623,46.155,-64.679,0
2026-01-07 05:40:00,26.123,27.946,2.972,33.425,3.181,35.722,47.102,-67.078,0
2026-01-07 05:50:00,24.732,28.219,3.055,33.227,2.937,35.344,50.346,-65.322,0
2026-01-07 06:00:00,26.099,28.121,3.113,32.941,3.255,35.622,49.406,-66.186,0
2026-01-07 06:10:00,25.915,27.968,3.305,33.9,3.545,37.526,46.891,-67.219,0
2026-01-07 06:20:00,25.757,28.053,3.181,33.118,3.442,35.818,45.019,-65.664,0
2026-01-07 06:30:00,26.988,28.176,3.196,33.908,3.333,36.743,49.619,-66.245,0
2026-01-07 06:40:00,25.456,28.097,3.459,33.436,3.138,35.667,47.142,-66.96,0
2026-01-07 06:50:00,27.347,28.083,3.16,34.291,3.391,36.91,44.141,-66.195,0
2026-01-07 07:00:00,25.76,28.241,3.166,34.041,3.559,35.448,48.551,-66.442,0
2026-01-07 07:10:00,25.036,28.05,3.201,33.471,3.453,36.268,49.136,-66.512,0
2026-01-07 07:20:00,25.99,28.074,3.005,33.545,3.412,36.247,42.944,-66.865,0
2026-01-07 07:30:00,25.198,28.159,3.081,34.118,3.232,38.036,45.849,-67.978,0
2026-01-07 07:40:00,25.435,28.178,3.082,33.853,3.579,36.647,47.157,-66.365,0
2026-01-07 07:50:00,26.247,28.191,3.229,33.921,2.793,35.638,48.701,-67.461,0
2026-01-07 08:00:00,26.365,28.229,3.138,34.458,3.512,36.631,46.475,-67.765,0
2026-01-07 08:10:00,25.547,28.176,3.183,33.781,3.965,37.765,45.93,-66.874,0
2026-01-07 08:20:00,26.679,28.204,3.305,34.103,3.167,34.722,48.763,-65.748,0
2026-01-07 08:30:00,26.803,28.149,3.285,34.43,3.438,35.324,46.637,-66.451,0
2026-01-07 08:40:00,27.001,28.179,3.168,34.402,3.503,35.782,48.483,-67.356,0
2026-01-07 08:50:00,26.369,28.187,3.114,34.083,3.432,35.612,45.534,-67.45,0
2026-01-07 09:00:00,26.954,28.2,3.336,34.055,3.752,35.653,45.13,-66.047,0
2026-01-07 09:10:00,24.683,28.248,3.299,33.561,3.66,34.851,48.952,-69.732,0
2026-01-07 09:20:00,25.777,28.235,3.019,33.812,3.617,36.994,48.077,-65.945,0
2026-01-07 09:30:00,25.391,28.198,3.179,34.302,3.769,34.709,49.314,-69.198,0
2026-01-07 09:40:00,26.079,28.134,3.241,34.148,3.636,35.664,46.726,-68.694,0
2026-01-07 09:50:00,25.592,28.209,3.319,34.226,4.292,36.639,46.285,-67.66,0
2026-01-07 10:00:00,25.871,28.205,3.339,34.564,3.71,35.757,50.198,-64.486,0
2026-01-07 10:10:00,27.299,28.227,3.267,33.782,3.744,34.977,45.041,-65.126,0
2026-01-07 10:20:00,25.856,28.392,3.307,34.109,3.388,34.662,50.069,-66.339,0
2026-01-07 10:30:00,26.257,28.177,3.247,34.25,3.647,35.538,50.228,-66.807,0
2026-01-07 10:40:00,25.797,28.257,3.161,33.927,4.012,35.098,49.434,-69.518,0
2026-01-07 10:50:00,26.003,28.312,3.213,34.661,3.542,35.85,46.684,-67.144,0
2026-01-07 11:00:00,25.944,28.238,3.248,34.461,3.405,34.548,46.488,-68.04,0
2026-01-07 11:10:00,26.242,28.421,3.243,34.226,3.87,36.303,47.617,-68.41,0
2026-01-07 11:20:00,26.732,28.208,3.022,34.73,4.166,35.73,45.702,-67.293,0
2026-01-07 11:30:00,27.056,28.268,3.202,33.553,3.929,35.775,46.34,-68.093,0
2026-01-07 11:40:00,26.105,28.181,3.257,34.048,3.882,36.762,49.271,-66.534,0
2026-01-07 11:50:00,26.286,28.221,3.216,34.149,3.606,35.246,49.319,-69.95,0
2026-01-07 12:00:00,25.052,28.272,3.22,33.669,4.098,35.004,46.301,-67.587,0
2026-01-07 12:10:00,25.779,28.323,3.308,34.059,4.169,35.135,49.448,-68.781,0
2026-01-07 12:20:00,26.481,28.285,3.118,33.529,3.71,35.409,49.09,-68.268,0
2026-01-07 12:30:00,26.41,28.363,3.051,34.118,4.323,35.48,51.032,-67.461,0
2026-01-07 12:40:00,25.933,28.258,3.203,34.205,4.279,34.879,49.381,-69.217,0
2026-01-07 12:50:00,26.384,28.242,3.334,33.885,4.382,33.917,50.305,-67.729,0
2026-01-07 13:00:00,26.086,28.488,3.443,33.095,4.302,35.08,49.302,-68.231,0
2026-01-07 13:10:00,26.561,28.307,3.331,33.356,4.346,35.81,50.251,-68.819,0
2026-01-07 13:20:00,25.9,28.221,3.058,33.841,4.35,35.626,46.216,-68.641,0
2026-01-07 13:30:00,25.424,28.226,3.202,33.597,4.449,36.471,48.359,-68.312,0
2026-01-07 13:40:00,25.884,28.209,3.257,32.591,3.942,37.072,48.553,-69.097,0
2026-01-07 13:50:00,23.572,28.362,3.243,33.912,4.035,36.112,48.231,-68.217,0
2026-01-07 14:00:00,25.865,28.261,3.282,33.466,4.218,36.608,49.516,-68.61,0
2026-01-07 14:10:00,23.016,28.303,3.103,33.07,4.368,36.114,49.906,-69.059,0
2026-01-07 14:20:00,24.335,28.29,3.215,33.642,4.501,36.868,49.518,-66.467,0
2026-01-07 14:30:00,25.829,28.357,3.252,32.993,4.517,36.981,48.542,-67.926,0
2026-01-07 14:40:00,25.818,28.233,3.295,32.923,4.704,36.262,47.585,-68.933,0
2026-01-07 14:50:00,24.64,28.217,3.093,33.222,4.739,36.068,50.934,-68.348,0
2026-01-07 15:00:00,24.924,28.324,3.141,33.651,4.363,35.341,49.638,-69.805,0
2026-01-07 15:10:00,26.35,28.356,2.851,33.526,4.613,35.476,47.225,-69.146,0
2026-01-07 15:20:00,25.02,28.337,3.094,33.012,4.423,35.243,48.761,-69.054,0
2026-01-07 15:30:00,26.896,28.248,3.098,32.976,4.581,36.015,46.023,-70.215,0
2026-01-07 15:40:00,25.291,28.369,3.031,33.017,4.71,34.948,49.276,-68.303,0
2026-01-07 15:50:00,25.543,28.258,3.165,32.226,3.989,35.378,48.908,-69.422,0
2026-01-07 16:00:00,26.355,28.277,3.13,32.816,5.179,33.654,48.283,-69.29,0
2026-01-07 16:10:00,25.279,28.246,2.857,32.258,4.834,36.925,52.222,-69.594,0
2026-01-07 16:20:00,24.45,28.427,3.145,32.549,4.626,35.38,47.342,-65.408,0
2026-01-07 16:30:00,25.038,28.376,2.999,32.281,5.154,35.93,50.749,-69.801,0
2026-01-07 16:40:00,25.053,28.375,3.159,32.458,4.722,36.743,53.467,-71.536,0
2026-01-07 16:50:00,24.084,28.428,2.937,32.246,4.84,35.829,51.525,-71.02,0
2026-01-07 17:00:00,24.822,28.555,3.085,31.051,4.738,36.756,49.584,-68.235,0
2026-01-07 17:10:00,24.443,28.195,3.037,32.111,5.187,34.621,47.655,-67.589,0
2026-01-07 17:20:00,25.571,28.274,3.097,32.194,4.856,37.546,47.3,-70.056,0
2026-01-07 17:30:00,24.908,28.286,3.065,32.047,4.926,36.512,49.067,-67.749,0
2026-01-07 17:40:00,24.646,28.268,3.008,31.777,5.155,35.826,48.628,-68.438,0
2026-01-07 17:50:00,24.729,28.252,2.844,32.309,5.049,36.815,48.626,-69.6,0
2026-01-07 18:00:00,24.919,28.315,2.84,31.766,4.939,34.757,49.39,-69.73,0
2026-01-07 18:10:00,25.153,28.243,2.935,31.732,5.188,35.478,49.851,-69.244,0
2026-01-07 18:20:00,23.98,28.368,2.993,31.868,5.489,36.883,50.966,-68.452,0
2026-01-07 18:30:00,23.909,28.347,2.909,31.553,5.059,34.254,47.923,-69.071,0
2026-01-07 18:40:00,25.369,28.382,3.046,31.036,5.032,36.216,48.981,-70.402,0
2026-01-07 18:50:00,24.264,28.385,2.925,30.423,5.056,36.214,49.98,-69.841,0
2026-01-07 19:00:00,23.518,28.393,2.831,31.035,5.296,37.385,49.974,-67.297,0
2026-01-07 19:10:00,24.778,28.316,2.901,31.396,4.925,34.566,53.691,-69.414,0
2026-01-07 19:20:00,24.748,28.516,2.949,30.934,4.999,37.143,50.862,-68.713,0
2026-01-07 19:30:00,23.308,28.366,2.948,31.268,4.756,35.431,47.599,-69.149,0
2026-01-07 19:40:00,24.497,28.199,3.122,30.971,4.834,35.545,51.316,-69.508,0
2026-01-07 19:50:00,24.807,28.268,2.804,31.302,4.975,34.951,51.606,-69.745,0
2026-01-07 20:00:00,24.51,28.21,2.863,30.681,5.073,35.084,50.459,-68.837,0
2026-01-07 20:10:00,24.647,28.351,2.91,30.884,5.443,36.303,48.56,-69.09,0
2026-01-07 20:20:00,23.177,28.34,2.843,30.834,5.201,35.118,53.969,-69.674,0
2026-01-07 20:30:00,24.347,28.312,2.773,31.121,4.914,36.628,48.94,-70.86,0
2026-01-07 20:40:00,23.859,28.511,2.635,29.939,4.953,35.533,52.116,-69.601,0
2026-01-07 20:50:00,23.689,28.394,2.746,30.318,5.375,35.122,51.348,-70.18,0
2026-01-07 21:00:00,24.592,28.408,2.666,30.719,5.325,35.7,52.13,-70.505,0
2026-01-07 21:10:00,24.973,28.275,2.575,30.91,5.105,36.422,54.183,-66.956,0
2026-01-07 21:20:00,25.15,28.27,2.674,30.401,5.009,35.962,52.183,-72.051,0
2026-01-07 21:30:00,24.769,28.353,2.631,30.165,5.319,36.243,50.228,-69.088,0
2026-01-07 21:40:00,23.728,28.363,2.814,30.485,4.892,36.804,53.286,-71.306,0
2026-01-07 21:50:00,24.008,28.2,2.803,30.479,5.164,37.146,50.221,-70.146,0
2026-01-07 22:00:00,24.253,28.334,2.61,30.007,5.534,36.065,51.714,-67.253,0
2026-01-07 22:10:00,23.757,28.349,2.674,30.208,5.114,35.512,49.154,-71.521,0
2026-01-07 22:20:00,23.72,28.33,2.47,30.467,4.91,36.443,49.684,-71.265,0
2026-01-07 22:30:00,24.162,28.282,2.621,30.68,5.138,36.793,51.699,-70.447,0
2026-01-07 22:40:00,23.5,28.303,2.716,30.246,4.952,35.283,52.331,-71.472,0
2026-01-07 22:50:00,22.988,28.331,2.755,29.971,4.757,35.775,48.666,-69.423,0
2026-01-07 23:00:00,23.166,28.352,2.558,29.909,5.164,35.949,52.688,-71.153,0
2026-01-07 23:10:00,23.857,28.392,2.758,30.098,5.235,36.395,50.381,-69.754,0
2026-01-07 23:20:00,23.373,28.429,2.438,29.84,4.936,35.99,54.222,-72.16,0
2026-01-07 23:30:00,23.567,28.318,2.459,29.927,4.909,37.202,51.347,-72.758,0
2026-01-07 23:40:00,23.756,28.304,2.682,29.473,4.777,35.391,50.021,-70.89,0
2026-01-07 23:50:00,22.983,28.374,2.786,30.284,4.923,35.45,52.242,-72.522,0
2026-01-08 00:00:00,23.734,28.387,2.633,29.419,4.824,36.486,50.519,-68.841,0
2026-01-08 00:10:00,23.429,28.302,2.558,29.658,4.716,36.652,54.515,-72.521,0
2026-01-08 00:20:00,22.26,28.398,2.289,29.838,5.278,35.669,52.294,-71.953,0
2026-01-08 00:30:00,24.094,28.412,2.299,30.497,4.974,36.387,52.082,-70.232,0
2026-01-08 00:40:00,22.695,28.436,2.547,29.652,4.975,36.593,53.483,-71.452,0
2026-01-08 00:50:00,21.848,28.473,2.478,29.57,5.017,36.64,50.671,-72.591,0
2026-01-08 01:00:00,22.236,28.26,2.378,29.615,4.973,37.118,50.222,-68.339,0
2026-01-08 01:10:00,31.207,26.438,4.222,30.397,4.714,45.274,79.385,-82.234,1
2026-01-08 01:20:00,30.677,26.657,4.517,28.843,4.828,47.01,74.74,-78.225,1
2026-01-08 01:30:00,30.122,26.527,4.284,29.49,4.696,44.792,74.056,-81.212,1
2026-01-08 01:40:00,32.761,26.247,4.242,30.813,4.814,46.059,80.987,-80.775,1
2026-01-08 01:50:00,34.059,26.23,4.305,30.083,4.77,45.588,80.289,-81.271,1
2026-01-08 02:00:00,33.648,25.559,3.907,29.511,4.6,47.098,74.617,-82.052,1
2026-01-08 02:10:00,33.84,26.59,4.071,29.908,4.385,48.583,71.898,-78.323,1
2026-01-08 02:20:00,32.95,26.351,4.273,29.974,4.653,45.67,77.778,-83.098,1
2026-01-08 02:30:00,32.669,26.603,4.134,30.276,4.557,45.973,78.992,-80.64,1
2026-01-08 02:40:00,29.531,26.318,4.703,30.656,4.192,46.443,80.431,-80.53,1
2026-01-08 02:50:00,22.329,28.325,2.464,30.183,4.644,38.664,52.461,-68.521,0
2026-01-08 03:00:00,21.027,28.316,2.458,29.896,4.708,38.548,54.316,-71.863,0
2026-01-08 03:10:00,22.548,28.348,2.469,30.4,4.992,37.718,50.898,-70.971,0
2026-01-08 03:20:00,22.49,28.474,2.625,29.923,4.38,37.395,52.188,-72.36,0
2026-01-08 03:30:00,23.196,28.318,2.489,29.85,4.321,38.055,53.648,-72.533,0
2026-01-08 03:40:00,23.268,28.332,2.196,29.643,4.178,37.551,54.333,-72.03,0
2026-01-08 03:50:00,22.551,28.204,2.552,29.76,4.412,39.084,53.403,-72.151,0
2026-01-08 04:00:00,22.032,28.185,2.338,30.045,4.382,37.848,54.084,-71.488,0
2026-01-08 04:10:00,22.696,28.411,2.387,30.0,4.149,37.506,53.837,-72.169,0
2026-01-08 04:20:00,21.962,28.208,2.217,30.577,4.247,37.508,53.461,-70.162,0
2026-01-08 04:30:00,22.307,28.195,2.43,30.105,3.856,36.951,53.28,-71.938,0
2026-01-08 04:40:00,22.975,28.273,2.285,29.484,4.407,38.412,53.104,-72.072,0
2026-01-08 04:50:00,21.871,28.266,2.373,30.28,4.038,37.356,54.347,-71.472,0
2026-01-08 05:00:00,22.804,28.197,2.324,30.543,4.155,38.936,54.726,-69.808,0
2026-01-08 05:10:00,22.694,28.242,2.587,30.561,3.846,37.069,54.401,-70.74,0
2026-01-08 05:20:00,21.531,28.361,2.592,31.37,3.985,38.251,51.979,-71.115,0
2026-01-08 05:30:00,22.863,28.195,2.358,30.691,4.016,39.114,52.359,-72.712,0
2026-01-08 05:40:00,22.652,28.145,2.359,31.283,4.04,36.518,54.932,-72.36,0
2026-01-08 05:50:00,22.217,28.328,2.306,31.038,4.109,39.899,56.918,-72.518,0
2026-01-08 06:00:00,21.596,28.289,2.483,31.101,4.272,37.989,54.599,-69.41,0
2026-01-08 06:10:00,21.513,28.196,2.311,30.896,4.101,38.488,53.639,-70.335,0
2026-01-08 06:20:00,21.724,28.116,2.3,31.242,4.119,38.877,54.839,-71.998,0
2026-01-08 06:30:00,22.466,28.179,2.469,31.069,4.187,39.045,52.443,-71.633,0
2026-01-08 06:40:00,21.405,28.231,2.288,31.472,3.984,38.728,56.899,-71.938,0
2026-01-08 06:50:00,22.369,28.325,2.349,31.405,3.835,39.351,54.933,-72.0,0
2026-01-08 07:00:00,21.183,28.145,2.166,31.234,4.016,39.013,53.445,-70.375,0
2026-01-08 07:10:00,21.9,28.217,2.442,31.989,4.002,40.05,54.403,-71.261,0
2026-01-08 07:20:00,22.111,28.274,2.593,31.869,3.891,39.103,53.807,-68.406,0
2026-01-08 07:30:00,23.738,28.025,2.45,31.641,3.444,40.301,57.168,-69.39,0
2026-01-08 07:40:00,21.055,28.295,2.542,31.927,3.542,39.493,54.495,-69.305,0
2026-01-08 07:50:00,23.044,28.113,2.268,31.925,3.63,37.371,55.189,-70.056,0
2026-01-08 08:00:00,22.114,28.231,2.402,31.73,3.817,40.947,55.993,-71.354,0
2026-01-08 08:10:00,22.293,28.22,2.265,32.137,3.633,38.441,53.677,-70.113,0
2026-01-08 08:20:00,22.085,28.283,2.355,31.973,3.841,40.14,55.409,-71.232,0
2026-01-08 08:30:00,22.312,28.236,2.48,31.938,3.855,39.006,55.603,-68.839,0
2026-01-08 08:40:00,21.892,27.997,2.405,31.778,3.81,39.876,52.361,-70.292,0
2026-01-08 08:50:00,23.018,28.12,2.229,32.298,3.79,38.517,55.661,-70.443,0
2026-01-08 09:00:00,21.682,28.19,2.247,32.699,3.321,39.609,55.172,-70.585,0
2026-01-08 09:10:00,22.796,28.159,2.245,32.333,3.605,38.947,55.535,-68.629,0
2026-01-08 09:20:00,21.556,28.208,2.476,33.534,3.368,40.453,55.412,-72.416,0
2026-01-08 09:30:00,21.969,28.229,2.672,33.037,3.142,39.58,55.861,-68.467,0
2026-01-08 09:40:00,21.266,28.21,2.595,33.257,3.397,40.017,57.847,-70.873,0
2026-01-08 09:50:00,22.341,28.14,2.212,33.151,3.703,37.576,53.362,-72.314,0
2026-01-08 10:00:00,23.041,28.005,2.618,33.593,3.515,39.278,54.913,-71.504,0
2026-01-08 10:10:00,21.983,28.112,2.568,32.739,3.812,39.713,56.773,-72.557,0
2026-01-08 10:20:00,21.909,28.177,2.278,32.188,3.43,39.601,56.482,-69.766,0
2026-01-08 10:30:00,21.276,28.052,2.436,32.995,3.871,40.228,56.487,-71.77,0
2026-01-08 10:40:00,21.907,28.185,2.613,33.413,3.405,39.203,60.658,-70.294,0
2026-01-08 10:50:00,20.964,28.202,2.556,33.335,3.363,39.571,56.849,-69.107,0
2026-01-08 11:00:00,21.453,28.135,2.343,33.442,3.092,40.513,57.82,-71.246,0
2026-01-08 11:10:00,22.265,27.875,2.583,33.869,3.561,37.78,55.273,-70.732,0
2026-01-08 11:20:00,23.044,28.013,2.263,33.6,3.23,40.109,54.078,-71.944,0
2026-01-08 11:30:00,24.103,28.262,2.503,33.803,3.194,39.404,55.339,-70.815,0
2026-01-08 11:40:00,21.742,28.062,2.677,33.251,3.573,38.975,57.225,-67.229,0
2026-01-08 11:50:00,23.175,27.943,2.553,33.25,3.543,40.007,56.714,-69.352,0
2026-01-08 12:00:00,22.359,28.195,2.502,34.25,3.534,40.752,56.745,-70.571,0
2026-01-08 12:10:00,22.102,28.093,2.679,33.77,3.232,40.633,55.67,-70.954,0
2026-01-08 12:20:00,22.531,28.175,2.701,33.563,3.292,39.725,55.419,-70.237,0
2026-01-08 12:30:00,22.293,28.104,2.752,33.609,3.288,40.564,55.804,-69.995,0
2026-01-08 12:40:00,22.349,28.114,2.711,33.642,3.457,40.588,57.467,-70.619,0
2026-01-08 12:50:00,22.008,28.101,2.748,33.661,3.611,39.853,57.71,-69.444,0
2026-01-08 13:00:00,21.339,28.123,2.718,33.498,3.376,39.397,54.419,-71.188,0
2026-01-08 13:10:00,21.262,28.245,2.674,33.457,3.7,39.472,57.636,-71.157,0
2026-01-08 13:20:00,22.825,28.135,2.665,33.947,3.488,40.678,55.125,-69.525,0
2026-01-08 13:30:00,22.2,27.926,2.638,33.838,3.266,40.0,57.172,-71.334,0
2026-01-08 13:40:00,22.003,28.083,2.533,34.461,3.485,39.223,56.013,-69.018,0
2026-01-08 13:50:00,22.454,28.134,2.576,34.201,3.667,38.738,59.207,-69.871,0
2026-01-08 14:00:00,23.033,28.134,2.67,34.213,3.733,40.776,55.666,-72.008,0
2026-01-08 14:10:00,22.632,27.999,2.745,33.88,3.579,39.697,56.769,-69.643,0
2026-01-08 14:20:00,22.076,28.121,2.902,34.114,3.356,40.422,57.567,-71.756,0
2026-01-08 14:30:00,23.425,28.097,2.737,34.297,3.318,41.172,54.93,-68.861,0
2026-01-08 14:40:00,23.703,28.224,2.875,34.433,3.488,39.155,56.399,-69.95,0
2026-01-08 14:50:00,22.976,27.953,2.897,34.158,3.72,40.187,56.076,-67.388,0
2026-01-08 15:00:00,23.344,27.967,2.752,34.574,3.485,40.107,55.656,-68.281,0
2026-01-08 15:10:00,23.565,27.978,2.864,34.202,3.503,40.567,55.814,-70.797,0
2026-01-08 15:20:00,23.521,27.959,2.776,34.477,3.438,41.274,58.632,-71.906,0
2026-01-08 15:30:00,23.194,27.922,2.977,34.026,3.378,39.237,55.576,-70.343,0
2026-01-08 15:40:00,23.218,27.767,2.908,33.557,3.427,40.774,57.695,-70.859,0
2026-01-08 15:50:00,23.199,27.948,2.701,34.277,3.504,41.16,57.264,-67.158,0
2026-01-08 16:00:00,22.104,28.007,2.876,34.426,3.839,40.201,54.204,-69.316,0
2026-01-08 16:10:00,23.399,27.933,3.067,34.36,3.467,40.256,57.673,-68.138,0
2026-01-08 16:20:00,21.997,28.123,2.861,34.29,3.545,40.715,54.214,-69.555,0
2026-01-08 16:30:00,22.428,27.964,2.949,34.001,3.382,40.669,57.908,-69.383,0
2026-01-08 16:40:00,23.935,28.061,2.973,33.818,3.72,40.872,55.882,-69.16,0
2026-01-08 16:50:00,23.65,27.974,2.796,34.269,3.872,40.867,56.828,-67.746,0
2026-01-08 17:00:00,24.142,28.014,2.994,34.198,3.946,39.644,54.499,-68.653,0
2026-01-08 17:10:00,22.951,27.965,2.777,33.823,3.685,41.232,57.065,-70.249,0
2026-01-08 17:20:00,22.375,28.048,2.882,34.375,3.783,41.383,58.529,-66.986,0
2026-01-08 17:30:00,23.054,27.938,3.098,33.642,3.662,40.607,55.422,-69.237,0
2026-01-08 17:40:00,23.335,27.968,3.023,33.71,3.823,39.27,55.795,-69.384,0
2026-01-08 17:50:00,23.36,27.953,2.956,34.447,3.806,40.381,57.719,-72.185,0
2026-01-08 18:00:00,24.14,27.895,3.057,34.135,3.781,40.635,57.776,-67.98,0
2026-01-08 18:10:00,23.136,27.946,3.008,33.661,3.823,39.569,52.542,-68.571,0
2026-01-08 18:20:00,23.678,28.088,3.028,33.84,3.913,40.201,60.562,-68.524,0
2026-01-08 18:30:00,22.782,27.882,3.116,33.745,3.791,39.365,57.896,-69.078,0
2026-01-08 18:40:00,23.832,27.933,2.961,32.678,3.83,40.982,58.207,-69.236,0
2026-01-08 18:50:00,23.563,27.995,3.064,33.269,4.248,40.631,56.703,-68.94,0
2026-01-08 19:00:00,23.079,27.981,3.032,33.513,4.477,39.183,53.629,-67.891,0
2026-01-08 19:10:00,23.482,27.886,2.889,33.348,3.723,40.781,58.19,-67.631,0
2026-01-08 19:20:00,23.562,27.69,2.979,33.5,3.741,40.454,55.964,-68.625,0
2026-01-08 19:30:00,23.546,27.917,3.287,33.748,3.831,40.912,57.965,-67.159,0
2026-01-08 19:40:00,25.019,27.693,3.155,33.177,4.031,40.183,56.596,-68.343,0
2026-01-08 19:50:00,23.755,27.984,2.959,32.855,4.26,39.853,57.422,-68.804,0
2026-01-08 20:00:00,23.697,27.875,2.942,33.273,4.229,39.873,55.602,-67.911,0
2026-01-08 20:10:00,22.444,27.937,3.122,32.977,4.175,40.055,58.554,-69.73,0
2026-01-08 20:20:00,23.331,27.78,3.331,32.968,4.277,40.496,54.861,-67.769,0
2026-01-08 20:30:00,23.817,27.724,3.13,32.851,4.062,40.593,61.042,-69.849,0
2026-01-08 20:40:00,23.566,27.864,3.317,33.666,4.182,40.315,61.028,-69.182,0
2026-01-08 20:50:00,25.057,27.836,3.21,32.024,4.257,40.121,59.937,-70.321,0
2026-01-08 21:00:00,24.019,27.795,3.231,32.599,3.974,40.17,59.292,-68.059,0
2026-01-08 21:10:00,25.081,27.837,3.021,32.659,4.088,42.448,56.841,-65.867,0
2026-01-08 21:20:00,24.266,28.047,3.301,32.312,4.126,39.815,59.09,-67.889,0
2026-01-08 21:30:00,24.293,27.888,3.155,32.824,4.532,39.974,56.813,-66.927,0
2026-01-08 21:40:00,24.249,27.901,3.304,32.717,4.458,43.044,54.184,-64.827,0
2026-01-08 21:50:00,24.358,27.881,3.109,32.338,4.56,40.733,59.681,-67.115,0
2026-01-08 22:00:00,25.602,27.927,3.233,32.183,4.099,39.279,59.0,-68.469,0
2026-01-08 22:10:00,22.818,27.789,3.259,32.16,4.199,41.043,56.904,-68.254,0
2026-01-08 22:20:00,23.084,27.636,3.203,32.084,4.656,39.626,54.747,-67.451,0
2026-01-08 22:30:00,24.148,27.781,3.274,32.015,3.995,41.066,55.888,-68.162,0
2026-01-08 22:40:00,24.581,27.857,3.198,31.898,4.824,40.153,53.656,-68.023,0
2026-01-08 22:50:00,25.096,27.711,3.156,31.974,4.241,39.953,58.624,-66.123,0
2026-01-08 23:00:00,24.987,27.77,3.429,32.071,4.801,41.574,54.026,-66.025,0
2026-01-08 23:10:00,24.428,27.725,3.365,31.298,4.481,40.721,57.416,-69.184,0
2026-01-08 23:20:00,25.452,27.897,3.151,31.283,4.894,41.027,55.369,-68.142,0
2026-01-08 23:30:00,25.501,27.833,3.313,30.962,5.35,40.576,54.306,-67.669,0
2026-01-08 23:40:00,24.949,27.821,3.157,31.8,4.279,39.852,57.288,-66.346,0
2026-01-08 23:50:00,25.535,27.815,3.106,31.508,4.896,40.675,56.243,-65.645,0
2026-01-09 00:00:00,25.092,27.759,3.373,31.522,4.419,41.131,58.337,-63.728,0
2026-01-09 00:10:00,24.547,27.774,3.045,30.77,4.888,40.248,54.53,-67.482,0
2026-01-09 00:20:00,25.468,27.66,3.361,31.822,4.784,41.558,55.431,-67.376,0
2026-01-09 00:30:00,25.095,27.576,3.22,30.911,4.872,40.772,52.478,-66.124,0
2026-01-09 00:40:00,25.057,27.759,3.224,31.112,4.684,40.236,52.826,-67.603,0
2026-01-09 00:50:00,26.124,27.77,3.298,31.282,5.043,40.242,59.974,-66.908,0
2026-01-09 01:00:00,23.415,27.837,3.318,30.568,4.616,40.124,60.468,-67.192,0
2026-01-09 01:10:00,24.174,27.863,3.147,30.655,5.172,38.986,56.863,-69.795,0
2026-01-09 01:20:00,24.372,27.86,3.331,30.843,4.859,39.887,55.192,-66.457,0
2026-01-09 01:30:00,24.983,27.651,3.256,31.715,4.677,40.107,56.115,-66.779,0
2026-01-09 01:40:00,25.094,27.699,3.089,30.758,5.293,39.568,58.201,-64.991,0
2026-01-09 01:50:00,24.251,27.763,3.217,31.153,4.975,40.141,55.679,-66.467,0
2026-01-09 02:00:00,24.65,27.924,3.399,30.954,5.384,39.858,57.008,-67.936,0
2026-01-09 02:10:00,24.77,27.837,3.431,30.603,5.26,40.429,56.532,-66.698,0
2026-01-09 02:20:00,27.124,27.805,3.312,30.072,4.868,40.308,55.504,-68.856,0
2026-01-09 02:30:00,26.697,27.682,3.079,30.736,5.022,39.879,55.554,-67.758,0
2026-01-09 02:40:00,25.178,27.639,3.276,29.789,5.074,38.619,57.002,-65.501,0
2026-01-09 02:50:00,25.241,27.77,3.314,30.824,5.364,41.112,54.687,-66.52,0
2026-01-09 03:00:00,24.721,27.616,3.294,30.287,5.155,39.532,57.23,-65.076,0
2026-01-09 03:10:00,24.218,27.683,3.295,29.244,5.11,39.546,55.538,-68.504,0
2026-01-09 03:20:00,25.499,27.69,3.239,30.01,5.041,39.302,56.586,-66.396,0
2026-01-09 03:30:00,24.909,27.824,3.18,30.318,5.077,39.15,58.817,-66.637,0
2026-01-09 03:40:00,25.575,27.666,3.109,29.969,5.353,40.74,55.991,-64.881,0
2026-01-09 03:50:00,24.539,27.497,2.947,30.267,5.096,40.577,57.917,-65.184,0
2026-01-09 04:00:00,25.15,27.73,3.209,29.686,5.019,39.786,53.003,-65.183,0
2026-01-09 04:10:00,25.811,27.631,3.183,29.496,4.986,39.307,55.348,-64.068,0
2026-01-09 04:20:00,25.986,27.688,3.22,29.901,4.989,39.851,56.211,-66.324,0
2026-01-09 04:30:00,26.044,27.676,2.984,29.912,4.819,39.376,59.588,-64.245,0
2026-01-09 04:40:00,24.848,27.659,3.213,29.757,4.948,39.126,52.562,-67.066,0
2026-01-09 04:50:00,26.391,27.742,3.374,30.289,5.395,39.509,55.881,-67.076,0
2026-01-09 05:00:00,25.252,27.554,3.128,29.545,5.051,38.846,58.639,-64.842,0
2026-01-09 05:10:00,26.274,27.633,3.102,29.938,5.229,39.361,54.566,-67.518,0
2026-01-09 05:20:00,25.841,27.728,3.137,29.841,4.587,39.282,55.558,-64.993,0
2026-01-09 05:30:00,24.901,27.622,3.334,29.264,5.19,39.56,56.5,-65.528,0
2026-01-09 05:40:00,25.659,27.541,2.957,29.342,5.037,38.541,56.195,-64.332,0
2026-01-09 05:50:00,26.151,27.721,3.094,29.805,4.964,39.563,58.642,-65.66,0
2026-01-09 06:00:00,26.338,27.756,2.964,30.494,5.088,38.228,56.59,-65.492,0
2026-01-09 06:10:00,25.823,27.661,2.983,30.006,4.942,38.453,58.131,-64.919,0
2026-01-09 06:20:00,27.005,27.507,3.032,29.205,4.605,38.445,55.052,-66.297,0
2026-01-09 06:30:00,26.649,27.719,3.189,28.728,5.202,37.968,54.324,-66.322,0
2026-01-09 06:40:00,25.774,27.528,3.232,30.085,5.054,39.595,55.208,-64.879,0
2026-01-09 06:50:00,26.488,27.684,3.058,29.808,4.928,37.964,53.485,-65.457,0
2026-01-09 07:00:00,27.325,27.588,2.948,30.258,4.783,38.137,56.397,-65.886,0
2026-01-09 07:10:00,27.35,27.565,3.28,29.57,4.667,39.656,54.788,-65.472,0
2026-01-09 07:20:00,25.125,27.621,2.918,30.023,4.989,38.152,54.228,-63.435,0
2026-01-09 07:30:00,25.341,27.641,2.889,30.221,5.25,38.413,56.289,-65.857,0
2026-01-09 07:40:00,27.033,27.603,2.732,29.796,4.95,37.71,53.287,-65.87,0
2026-01-09 07:50:00,25.256,27.701,3.101,29.833,4.614,39.141,56.686,-67.331,0
